machine	backend	problem	m	config	threads	cpuset	param_sha	repeat	wall_s	mainloop_s	iters	phase	obj	peak_rss_MB	status	rc	src
expanse-epyc7742	gmp	12_min	330	fork_t1	1	0	e3e82d8dfcd9b7c3	1	3729	3721.728349	78	pdOPT	-4.7236425487823241e-01	124.5	ok	0	out_heavy/rows_H_12_min_t1.tsv
expanse-epyc7742	gmp	12_min	330	fork_t128	128	0,1,2,3,4,5,6,7,8,9,10,11,12,13,14,15,16,17,18,19,20,21,22,23,24,25,26,27,28,29,30,31,32,33,34,35,36,37,38,39,40,41,42,43,44,45,46,47,48,49,50,51,52,53,54,55,56,57,58,59,60,61,62,63,64,65,66,67,68,69,70,71,72,73,74,75,76,77,78,79,80,81,82,83,84,85,86,87,88,89,90,91,92,93,94,95,96,97,98,99,100,101,102,103,104,105,106,107,108,109,110,111,112,113,114,115,116,117,118,119,120,121,122,123,124,125,126,127	e3e82d8dfcd9b7c3	1	165.23	157.208483	78	pdOPT	-4.7236425487823241e-01	337.8	ok	0	out_heavy/rows_H_12_min_t128.tsv
expanse-epyc7742	gmp	12_min	330	fork_t16	16	0,1,2,3,4,5,6,7,8,9,10,11,12,13,14,15	e3e82d8dfcd9b7c3	1	348.1	340.018870	78	pdOPT	-4.7236425487823241e-01	149.7	ok	0	out_heavy/rows_H_12_min_t16.tsv
expanse-epyc7742	gmp	12_min	330	fork_t2	2	0,1	e3e82d8dfcd9b7c3	1	1920.1	1912.066981	78	pdOPT	-4.7236425487823241e-01	127.5	ok	0	out_heavy/rows_H_12_min_t2.tsv
expanse-epyc7742	gmp	12_min	330	fork_t32	32	0,1,2,3,4,5,6,7,8,9,10,11,12,13,14,15,16,17,18,19,20,21,22,23,24,25,26,27,28,29,30,31	e3e82d8dfcd9b7c3	1	239.41	231.421903	78	pdOPT	-4.7236425487823241e-01	177.7	ok	0	out_heavy/rows_H_12_min_t32.tsv
expanse-epyc7742	gmp	12_min	330	fork_t4	4	0,1,2,3	e3e82d8dfcd9b7c3	1	1057.92	1049.867834	78	pdOPT	-4.7236425487823241e-01	130.8	ok	0	out_heavy/rows_H_12_min_t4.tsv
expanse-epyc7742	gmp	12_min	330	fork_t64	64	0,1,2,3,4,5,6,7,8,9,10,11,12,13,14,15,16,17,18,19,20,21,22,23,24,25,26,27,28,29,30,31,32,33,34,35,36,37,38,39,40,41,42,43,44,45,46,47,48,49,50,51,52,53,54,55,56,57,58,59,60,61,62,63	e3e82d8dfcd9b7c3	1	194.71	186.634813	78	pdOPT	-4.7236425487823241e-01	233.1	ok	0	out_heavy/rows_H_12_min_t64.tsv
expanse-epyc7742	gmp	12_min	330	fork_t8	8	0,1,2,3,4,5,6,7	e3e82d8dfcd9b7c3	1	573.75	565.745019	78	pdOPT	-4.7236425487823241e-01	137.5	ok	0	out_heavy/rows_H_12_min_t8.tsv
expanse-epyc7742	gmp	dE3	6067	fork_t1	1	0	3859004693f5546f	1	5332	5331.124442	33	pdOPT	5.3367937294869112e-01	627.0	ok	0	out_heavy/rows_H_dE3_t1.tsv
expanse-epyc7742	gmp	dE3	6067	fork_t128	128	0,1,2,3,4,5,6,7,8,9,10,11,12,13,14,15,16,17,18,19,20,21,22,23,24,25,26,27,28,29,30,31,32,33,34,35,36,37,38,39,40,41,42,43,44,45,46,47,48,49,50,51,52,53,54,55,56,57,58,59,60,61,62,63,64,65,66,67,68,69,70,71,72,73,74,75,76,77,78,79,80,81,82,83,84,85,86,87,88,89,90,91,92,93,94,95,96,97,98,99,100,101,102,103,104,105,106,107,108,109,110,111,112,113,114,115,116,117,118,119,120,121,122,123,124,125,126,127	3859004693f5546f	1	293.17	291.774956	33	pdOPT	5.3367937294869112e-01	684.2	ok	0	out_heavy/rows_H_dE3_t128.tsv
expanse-epyc7742	gmp	dE3	6067	fork_t16	16	0,1,2,3,4,5,6,7,8,9,10,11,12,13,14,15	3859004693f5546f	1	494.7	493.364608	33	pdOPT	5.3367937294869112e-01	633.2	ok	0	out_heavy/rows_H_dE3_t16.tsv
expanse-epyc7742	gmp	dE3	6067	fork_t2	2	0,1	3859004693f5546f	1	2731.92	2730.474297	33	pdOPT	5.3367937294869112e-01	627.6	ok	0	out_heavy/rows_H_dE3_t2.tsv
expanse-epyc7742	gmp	dE3	6067	fork_t32	32	0,1,2,3,4,5,6,7,8,9,10,11,12,13,14,15,16,17,18,19,20,21,22,23,24,25,26,27,28,29,30,31	3859004693f5546f	1	323.73	322.350586	33	pdOPT	5.3367937294869112e-01	639.8	ok	0	out_heavy/rows_H_dE3_t32.tsv
expanse-epyc7742	gmp	dE3	6067	fork_t4	4	0,1,2,3	3859004693f5546f	1	1417.44	1416.171999	33	pdOPT	5.3367937294869112e-01	628.7	ok	0	out_heavy/rows_H_dE3_t4.tsv
expanse-epyc7742	gmp	dE3	6067	fork_t64	64	0,1,2,3,4,5,6,7,8,9,10,11,12,13,14,15,16,17,18,19,20,21,22,23,24,25,26,27,28,29,30,31,32,33,34,35,36,37,38,39,40,41,42,43,44,45,46,47,48,49,50,51,52,53,54,55,56,57,58,59,60,61,62,63	3859004693f5546f	1	230.8	229.422399	33	pdOPT	5.3367937294869112e-01	654.8	ok	0	out_heavy/rows_H_dE3_t64.tsv
expanse-epyc7742	gmp	dE3	6067	fork_t8	8	0,1,2,3,4,5,6,7	3859004693f5546f	1	758.33	757.055750	33	pdOPT	5.3367937294869112e-01	630.3	ok	0	out_heavy/rows_H_dE3_t8.tsv
expanse-epyc7742	gmp	dE4	7401	fork_t1	1	0	3859004693f5546f	1	8322	8321.038864	33	pdOPT	5.3347386976202051e-01	867.7	ok	0	out_heavy/rows_H_dE4_t1.tsv
expanse-epyc7742	gmp	dE4	7401	fork_t128	128	0,1,2,3,4,5,6,7,8,9,10,11,12,13,14,15,16,17,18,19,20,21,22,23,24,25,26,27,28,29,30,31,32,33,34,35,36,37,38,39,40,41,42,43,44,45,46,47,48,49,50,51,52,53,54,55,56,57,58,59,60,61,62,63,64,65,66,67,68,69,70,71,72,73,74,75,76,77,78,79,80,81,82,83,84,85,86,87,88,89,90,91,92,93,94,95,96,97,98,99,100,101,102,103,104,105,106,107,108,109,110,111,112,113,114,115,116,117,118,119,120,121,122,123,124,125,126,127	3859004693f5546f	1	503.65	501.951950	33	pdOPT	5.3347386976202051e-01	932.0	ok	0	out_heavy/rows_H_dE4_t128.tsv
expanse-epyc7742	gmp	dE4	7401	fork_t16	16	0,1,2,3,4,5,6,7,8,9,10,11,12,13,14,15	3859004693f5546f	1	709.3	707.660661	33	pdOPT	5.3347386976202051e-01	874.8	ok	0	out_heavy/rows_H_dE4_t16.tsv
expanse-epyc7742	gmp	dE4	7401	fork_t2	2	0,1	3859004693f5546f	1	4251	4250.157128	33	pdOPT	5.3347386976202051e-01	868.3	ok	0	out_heavy/rows_H_dE4_t2.tsv
expanse-epyc7742	gmp	dE4	7401	fork_t32	32	0,1,2,3,4,5,6,7,8,9,10,11,12,13,14,15,16,17,18,19,20,21,22,23,24,25,26,27,28,29,30,31	3859004693f5546f	1	438.39	436.654325	33	pdOPT	5.3347386976202051e-01	884.0	ok	0	out_heavy/rows_H_dE4_t32.tsv
expanse-epyc7742	gmp	dE4	7401	fork_t4	4	0,1,2,3	3859004693f5546f	1	2194.86	2193.259647	33	pdOPT	5.3347386976202051e-01	869.2	ok	0	out_heavy/rows_H_dE4_t4.tsv
expanse-epyc7742	gmp	dE4	7401	fork_t64	64	0,1,2,3,4,5,6,7,8,9,10,11,12,13,14,15,16,17,18,19,20,21,22,23,24,25,26,27,28,29,30,31,32,33,34,35,36,37,38,39,40,41,42,43,44,45,46,47,48,49,50,51,52,53,54,55,56,57,58,59,60,61,62,63	3859004693f5546f	1	355.57	353.839629	33	pdOPT	5.3347386976202051e-01	898.5	ok	0	out_heavy/rows_H_dE4_t64.tsv
expanse-epyc7742	gmp	dE4	7401	fork_t8	8	0,1,2,3,4,5,6,7	3859004693f5546f	1	1164.21	1162.584726	33	pdOPT	5.3347386976202051e-01	871.0	ok	0	out_heavy/rows_H_dE4_t8.tsv
expanse-epyc7742	gmp	8_min	19	fork_t1	1	0	e3e82d8dfcd9b7c3	1	0.72	0.720401	52	pdOPT	-5.3812637297885203e-01	4.7	ok	0	out_main/rows_Amin_t1.tsv
expanse-epyc7742	gmp	8_min	19	fork_t1	1	0	e3e82d8dfcd9b7c3	2	0.72	0.717374	52	pdOPT	-5.3812637297885203e-01	4.7	ok	0	out_main/rows_Amin_t1.tsv
expanse-epyc7742	gmp	8_min	19	fork_t1	1	0	e3e82d8dfcd9b7c3	3	0.72	0.719979	52	pdOPT	-5.3812637297885203e-01	4.7	ok	0	out_main/rows_Amin_t1.tsv
expanse-epyc7742	gmp	8_min	19	up_t1	1	0	e3e82d8dfcd9b7c3	1	0.75	0.750572	52	pdOPT	-5.3812637297885203e-01	4.6	ok	0	out_main/rows_Amin_t1.tsv
expanse-epyc7742	gmp	8_min	19	up_t1	1	0	e3e82d8dfcd9b7c3	2	0.75	0.747645	52	pdOPT	-5.3812637297885203e-01	4.6	ok	0	out_main/rows_Amin_t1.tsv
expanse-epyc7742	gmp	8_min	19	up_t1	1	0	e3e82d8dfcd9b7c3	3	0.75	0.751905	52	pdOPT	-5.3812637297885203e-01	4.6	ok	0	out_main/rows_Amin_t1.tsv
expanse-epyc7742	gmp	10_min	74	fork_t1	1	0	e3e82d8dfcd9b7c3	1	34.65	34.506058	61	pdOPT	-4.7926054387208136e-01	11.5	ok	0	out_main/rows_Amin_t1.tsv
expanse-epyc7742	gmp	10_min	74	fork_t1	1	0	e3e82d8dfcd9b7c3	2	34.64	34.499897	61	pdOPT	-4.7926054387208136e-01	11.5	ok	0	out_main/rows_Amin_t1.tsv
expanse-epyc7742	gmp	10_min	74	fork_t1	1	0	e3e82d8dfcd9b7c3	3	34.54	34.400626	61	pdOPT	-4.7926054387208136e-01	11.5	ok	0	out_main/rows_Amin_t1.tsv
expanse-epyc7742	gmp	10_min	74	up_t1	1	0	e3e82d8dfcd9b7c3	1	36.48	36.376783	61	pdOPT	-4.7926054387208136e-01	11.7	ok	0	out_main/rows_Amin_t1.tsv
expanse-epyc7742	gmp	10_min	74	up_t1	1	0	e3e82d8dfcd9b7c3	2	36.43	36.323231	61	pdOPT	-4.7926054387208136e-01	11.7	ok	0	out_main/rows_Amin_t1.tsv
expanse-epyc7742	gmp	10_min	74	up_t1	1	0	e3e82d8dfcd9b7c3	3	36.54	36.431761	61	pdOPT	-4.7926054387208136e-01	11.7	ok	0	out_main/rows_Amin_t1.tsv
expanse-epyc7742	gmp	8_min	19	up_t128	128	0,1,2,3,4,5,6,7,8,9,10,11,12,13,14,15,16,17,18,19,20,21,22,23,24,25,26,27,28,29,30,31,32,33,34,35,36,37,38,39,40,41,42,43,44,45,46,47,48,49,50,51,52,53,54,55,56,57,58,59,60,61,62,63,64,65,66,67,68,69,70,71,72,73,74,75,76,77,78,79,80,81,82,83,84,85,86,87,88,89,90,91,92,93,94,95,96,97,98,99,100,101,102,103,104,105,106,107,108,109,110,111,112,113,114,115,116,117,118,119,120,121,122,123,124,125,126,127	e3e82d8dfcd9b7c3	1	1.16	1.151653	52	pdOPT	-5.3812637297885203e-01	7.0	ok	0	out_main/rows_Amin_t128.tsv
expanse-epyc7742	gmp	8_min	19	up_t128	128	0,1,2,3,4,5,6,7,8,9,10,11,12,13,14,15,16,17,18,19,20,21,22,23,24,25,26,27,28,29,30,31,32,33,34,35,36,37,38,39,40,41,42,43,44,45,46,47,48,49,50,51,52,53,54,55,56,57,58,59,60,61,62,63,64,65,66,67,68,69,70,71,72,73,74,75,76,77,78,79,80,81,82,83,84,85,86,87,88,89,90,91,92,93,94,95,96,97,98,99,100,101,102,103,104,105,106,107,108,109,110,111,112,113,114,115,116,117,118,119,120,121,122,123,124,125,126,127	e3e82d8dfcd9b7c3	2	1.08	1.071417	52	pdOPT	-5.3812637297885203e-01	7.1	ok	0	out_main/rows_Amin_t128.tsv
expanse-epyc7742	gmp	8_min	19	up_t128	128	0,1,2,3,4,5,6,7,8,9,10,11,12,13,14,15,16,17,18,19,20,21,22,23,24,25,26,27,28,29,30,31,32,33,34,35,36,37,38,39,40,41,42,43,44,45,46,47,48,49,50,51,52,53,54,55,56,57,58,59,60,61,62,63,64,65,66,67,68,69,70,71,72,73,74,75,76,77,78,79,80,81,82,83,84,85,86,87,88,89,90,91,92,93,94,95,96,97,98,99,100,101,102,103,104,105,106,107,108,109,110,111,112,113,114,115,116,117,118,119,120,121,122,123,124,125,126,127	e3e82d8dfcd9b7c3	3	1.13	1.122175	52	pdOPT	-5.3812637297885203e-01	7.1	ok	0	out_main/rows_Amin_t128.tsv
expanse-epyc7742	gmp	8_min	19	fork_t128	128	0,1,2,3,4,5,6,7,8,9,10,11,12,13,14,15,16,17,18,19,20,21,22,23,24,25,26,27,28,29,30,31,32,33,34,35,36,37,38,39,40,41,42,43,44,45,46,47,48,49,50,51,52,53,54,55,56,57,58,59,60,61,62,63,64,65,66,67,68,69,70,71,72,73,74,75,76,77,78,79,80,81,82,83,84,85,86,87,88,89,90,91,92,93,94,95,96,97,98,99,100,101,102,103,104,105,106,107,108,109,110,111,112,113,114,115,116,117,118,119,120,121,122,123,124,125,126,127	e3e82d8dfcd9b7c3	1	0.73	0.721840	52	pdOPT	-5.3812637297885203e-01	4.7	ok	0	out_main/rows_Amin_t128.tsv
expanse-epyc7742	gmp	8_min	19	fork_t128	128	0,1,2,3,4,5,6,7,8,9,10,11,12,13,14,15,16,17,18,19,20,21,22,23,24,25,26,27,28,29,30,31,32,33,34,35,36,37,38,39,40,41,42,43,44,45,46,47,48,49,50,51,52,53,54,55,56,57,58,59,60,61,62,63,64,65,66,67,68,69,70,71,72,73,74,75,76,77,78,79,80,81,82,83,84,85,86,87,88,89,90,91,92,93,94,95,96,97,98,99,100,101,102,103,104,105,106,107,108,109,110,111,112,113,114,115,116,117,118,119,120,121,122,123,124,125,126,127	e3e82d8dfcd9b7c3	2	0.72	0.717547	52	pdOPT	-5.3812637297885203e-01	4.7	ok	0	out_main/rows_Amin_t128.tsv
expanse-epyc7742	gmp	8_min	19	fork_t128	128	0,1,2,3,4,5,6,7,8,9,10,11,12,13,14,15,16,17,18,19,20,21,22,23,24,25,26,27,28,29,30,31,32,33,34,35,36,37,38,39,40,41,42,43,44,45,46,47,48,49,50,51,52,53,54,55,56,57,58,59,60,61,62,63,64,65,66,67,68,69,70,71,72,73,74,75,76,77,78,79,80,81,82,83,84,85,86,87,88,89,90,91,92,93,94,95,96,97,98,99,100,101,102,103,104,105,106,107,108,109,110,111,112,113,114,115,116,117,118,119,120,121,122,123,124,125,126,127	e3e82d8dfcd9b7c3	3	0.72	0.717651	52	pdOPT	-5.3812637297885203e-01	4.7	ok	0	out_main/rows_Amin_t128.tsv
expanse-epyc7742	gmp	10_min	74	up_t128	128	0,1,2,3,4,5,6,7,8,9,10,11,12,13,14,15,16,17,18,19,20,21,22,23,24,25,26,27,28,29,30,31,32,33,34,35,36,37,38,39,40,41,42,43,44,45,46,47,48,49,50,51,52,53,54,55,56,57,58,59,60,61,62,63,64,65,66,67,68,69,70,71,72,73,74,75,76,77,78,79,80,81,82,83,84,85,86,87,88,89,90,91,92,93,94,95,96,97,98,99,100,101,102,103,104,105,106,107,108,109,110,111,112,113,114,115,116,117,118,119,120,121,122,123,124,125,126,127	e3e82d8dfcd9b7c3	1	23.29	23.177545	61	pdOPT	-4.7926054387208136e-01	14.1	ok	0	out_main/rows_Amin_t128.tsv
expanse-epyc7742	gmp	10_min	74	up_t128	128	0,1,2,3,4,5,6,7,8,9,10,11,12,13,14,15,16,17,18,19,20,21,22,23,24,25,26,27,28,29,30,31,32,33,34,35,36,37,38,39,40,41,42,43,44,45,46,47,48,49,50,51,52,53,54,55,56,57,58,59,60,61,62,63,64,65,66,67,68,69,70,71,72,73,74,75,76,77,78,79,80,81,82,83,84,85,86,87,88,89,90,91,92,93,94,95,96,97,98,99,100,101,102,103,104,105,106,107,108,109,110,111,112,113,114,115,116,117,118,119,120,121,122,123,124,125,126,127	e3e82d8dfcd9b7c3	2	22.49	22.380243	61	pdOPT	-4.7926054387208136e-01	13.9	ok	0	out_main/rows_Amin_t128.tsv
expanse-epyc7742	gmp	10_min	74	up_t128	128	0,1,2,3,4,5,6,7,8,9,10,11,12,13,14,15,16,17,18,19,20,21,22,23,24,25,26,27,28,29,30,31,32,33,34,35,36,37,38,39,40,41,42,43,44,45,46,47,48,49,50,51,52,53,54,55,56,57,58,59,60,61,62,63,64,65,66,67,68,69,70,71,72,73,74,75,76,77,78,79,80,81,82,83,84,85,86,87,88,89,90,91,92,93,94,95,96,97,98,99,100,101,102,103,104,105,106,107,108,109,110,111,112,113,114,115,116,117,118,119,120,121,122,123,124,125,126,127	e3e82d8dfcd9b7c3	3	23.49	23.377258	61	pdOPT	-4.7926054387208136e-01	14.1	ok	0	out_main/rows_Amin_t128.tsv
expanse-epyc7742	gmp	10_min	74	fork_t128	128	0,1,2,3,4,5,6,7,8,9,10,11,12,13,14,15,16,17,18,19,20,21,22,23,24,25,26,27,28,29,30,31,32,33,34,35,36,37,38,39,40,41,42,43,44,45,46,47,48,49,50,51,52,53,54,55,56,57,58,59,60,61,62,63,64,65,66,67,68,69,70,71,72,73,74,75,76,77,78,79,80,81,82,83,84,85,86,87,88,89,90,91,92,93,94,95,96,97,98,99,100,101,102,103,104,105,106,107,108,109,110,111,112,113,114,115,116,117,118,119,120,121,122,123,124,125,126,127	e3e82d8dfcd9b7c3	1	9.19	9.047568	61	pdOPT	-4.7926054387208136e-01	30.2	ok	0	out_main/rows_Amin_t128.tsv
expanse-epyc7742	gmp	10_min	74	fork_t128	128	0,1,2,3,4,5,6,7,8,9,10,11,12,13,14,15,16,17,18,19,20,21,22,23,24,25,26,27,28,29,30,31,32,33,34,35,36,37,38,39,40,41,42,43,44,45,46,47,48,49,50,51,52,53,54,55,56,57,58,59,60,61,62,63,64,65,66,67,68,69,70,71,72,73,74,75,76,77,78,79,80,81,82,83,84,85,86,87,88,89,90,91,92,93,94,95,96,97,98,99,100,101,102,103,104,105,106,107,108,109,110,111,112,113,114,115,116,117,118,119,120,121,122,123,124,125,126,127	e3e82d8dfcd9b7c3	2	9.22	9.078106	61	pdOPT	-4.7926054387208136e-01	30.7	ok	0	out_main/rows_Amin_t128.tsv
expanse-epyc7742	gmp	10_min	74	fork_t128	128	0,1,2,3,4,5,6,7,8,9,10,11,12,13,14,15,16,17,18,19,20,21,22,23,24,25,26,27,28,29,30,31,32,33,34,35,36,37,38,39,40,41,42,43,44,45,46,47,48,49,50,51,52,53,54,55,56,57,58,59,60,61,62,63,64,65,66,67,68,69,70,71,72,73,74,75,76,77,78,79,80,81,82,83,84,85,86,87,88,89,90,91,92,93,94,95,96,97,98,99,100,101,102,103,104,105,106,107,108,109,110,111,112,113,114,115,116,117,118,119,120,121,122,123,124,125,126,127	e3e82d8dfcd9b7c3	3	9.19	9.045982	61	pdOPT	-4.7926054387208136e-01	31.1	ok	0	out_main/rows_Amin_t128.tsv
expanse-epyc7742	gmp	8_min	19	fork_t16	16	0,1,2,3,4,5,6,7,8,9,10,11,12,13,14,15	e3e82d8dfcd9b7c3	1	0.72	0.713209	52	pdOPT	-5.3812637297885203e-01	4.9	ok	0	out_main/rows_Amin_t16.tsv
expanse-epyc7742	gmp	8_min	19	fork_t16	16	0,1,2,3,4,5,6,7,8,9,10,11,12,13,14,15	e3e82d8dfcd9b7c3	2	0.72	0.715741	52	pdOPT	-5.3812637297885203e-01	4.9	ok	0	out_main/rows_Amin_t16.tsv
expanse-epyc7742	gmp	8_min	19	fork_t16	16	0,1,2,3,4,5,6,7,8,9,10,11,12,13,14,15	e3e82d8dfcd9b7c3	3	0.71	0.712381	52	pdOPT	-5.3812637297885203e-01	4.9	ok	0	out_main/rows_Amin_t16.tsv
expanse-epyc7742	gmp	8_min	19	up_t16	16	0,1,2,3,4,5,6,7,8,9,10,11,12,13,14,15	e3e82d8dfcd9b7c3	1	0.61	0.604429	52	pdOPT	-5.3812637297885203e-01	4.8	ok	0	out_main/rows_Amin_t16.tsv
expanse-epyc7742	gmp	8_min	19	up_t16	16	0,1,2,3,4,5,6,7,8,9,10,11,12,13,14,15	e3e82d8dfcd9b7c3	2	0.6	0.602092	52	pdOPT	-5.3812637297885203e-01	4.8	ok	0	out_main/rows_Amin_t16.tsv
expanse-epyc7742	gmp	8_min	19	up_t16	16	0,1,2,3,4,5,6,7,8,9,10,11,12,13,14,15	e3e82d8dfcd9b7c3	3	0.6	0.602081	52	pdOPT	-5.3812637297885203e-01	4.8	ok	0	out_main/rows_Amin_t16.tsv
expanse-epyc7742	gmp	10_min	74	fork_t16	16	0,1,2,3,4,5,6,7,8,9,10,11,12,13,14,15	e3e82d8dfcd9b7c3	1	9.92	9.782417	61	pdOPT	-4.7926054387208136e-01	15.4	ok	0	out_main/rows_Amin_t16.tsv
expanse-epyc7742	gmp	10_min	74	fork_t16	16	0,1,2,3,4,5,6,7,8,9,10,11,12,13,14,15	e3e82d8dfcd9b7c3	2	9.93	9.792375	61	pdOPT	-4.7926054387208136e-01	15.4	ok	0	out_main/rows_Amin_t16.tsv
expanse-epyc7742	gmp	10_min	74	fork_t16	16	0,1,2,3,4,5,6,7,8,9,10,11,12,13,14,15	e3e82d8dfcd9b7c3	3	9.95	9.804678	61	pdOPT	-4.7926054387208136e-01	15.4	ok	0	out_main/rows_Amin_t16.tsv
expanse-epyc7742	gmp	10_min	74	up_t16	16	0,1,2,3,4,5,6,7,8,9,10,11,12,13,14,15	e3e82d8dfcd9b7c3	1	20.28	20.170124	61	pdOPT	-4.7926054387208136e-01	11.9	ok	0	out_main/rows_Amin_t16.tsv
expanse-epyc7742	gmp	10_min	74	up_t16	16	0,1,2,3,4,5,6,7,8,9,10,11,12,13,14,15	e3e82d8dfcd9b7c3	2	20.25	20.148199	61	pdOPT	-4.7926054387208136e-01	11.9	ok	0	out_main/rows_Amin_t16.tsv
expanse-epyc7742	gmp	10_min	74	up_t16	16	0,1,2,3,4,5,6,7,8,9,10,11,12,13,14,15	e3e82d8dfcd9b7c3	3	20.22	20.114269	61	pdOPT	-4.7926054387208136e-01	11.9	ok	0	out_main/rows_Amin_t16.tsv
expanse-epyc7742	gmp	8_min	19	up_t2	2	0,1	e3e82d8dfcd9b7c3	1	0.65	0.644310	52	pdOPT	-5.3812637297885203e-01	4.6	ok	0	out_main/rows_Amin_t2.tsv
expanse-epyc7742	gmp	8_min	19	up_t2	2	0,1	e3e82d8dfcd9b7c3	2	0.65	0.649856	52	pdOPT	-5.3812637297885203e-01	4.6	ok	0	out_main/rows_Amin_t2.tsv
expanse-epyc7742	gmp	8_min	19	up_t2	2	0,1	e3e82d8dfcd9b7c3	3	0.65	0.649304	52	pdOPT	-5.3812637297885203e-01	4.6	ok	0	out_main/rows_Amin_t2.tsv
expanse-epyc7742	gmp	8_min	19	fork_t2	2	0,1	e3e82d8dfcd9b7c3	1	0.73	0.725417	52	pdOPT	-5.3812637297885203e-01	4.7	ok	0	out_main/rows_Amin_t2.tsv
expanse-epyc7742	gmp	8_min	19	fork_t2	2	0,1	e3e82d8dfcd9b7c3	2	0.73	0.726276	52	pdOPT	-5.3812637297885203e-01	4.7	ok	0	out_main/rows_Amin_t2.tsv
expanse-epyc7742	gmp	8_min	19	fork_t2	2	0,1	e3e82d8dfcd9b7c3	3	0.73	0.725057	52	pdOPT	-5.3812637297885203e-01	4.7	ok	0	out_main/rows_Amin_t2.tsv
expanse-epyc7742	gmp	10_min	74	up_t2	2	0,1	e3e82d8dfcd9b7c3	1	27.74	27.628489	61	pdOPT	-4.7926054387208136e-01	11.7	ok	0	out_main/rows_Amin_t2.tsv
expanse-epyc7742	gmp	10_min	74	up_t2	2	0,1	e3e82d8dfcd9b7c3	2	27.71	27.605080	61	pdOPT	-4.7926054387208136e-01	11.7	ok	0	out_main/rows_Amin_t2.tsv
expanse-epyc7742	gmp	10_min	74	up_t2	2	0,1	e3e82d8dfcd9b7c3	3	27.75	27.643148	61	pdOPT	-4.7926054387208136e-01	11.7	ok	0	out_main/rows_Amin_t2.tsv
expanse-epyc7742	gmp	10_min	74	fork_t2	2	0,1	e3e82d8dfcd9b7c3	1	21.53	21.395071	61	pdOPT	-4.7926054387208136e-01	11.8	ok	0	out_main/rows_Amin_t2.tsv
expanse-epyc7742	gmp	10_min	74	fork_t2	2	0,1	e3e82d8dfcd9b7c3	2	21.43	21.288451	61	pdOPT	-4.7926054387208136e-01	11.8	ok	0	out_main/rows_Amin_t2.tsv
expanse-epyc7742	gmp	10_min	74	fork_t2	2	0,1	e3e82d8dfcd9b7c3	3	21.49	21.351246	61	pdOPT	-4.7926054387208136e-01	11.8	ok	0	out_main/rows_Amin_t2.tsv
expanse-epyc7742	gmp	8_min	19	up_t32	32	0,1,2,3,4,5,6,7,8,9,10,11,12,13,14,15,16,17,18,19,20,21,22,23,24,25,26,27,28,29,30,31	e3e82d8dfcd9b7c3	1	0.64	0.640667	52	pdOPT	-5.3812637297885203e-01	5.0	ok	0	out_main/rows_Amin_t32.tsv
expanse-epyc7742	gmp	8_min	19	up_t32	32	0,1,2,3,4,5,6,7,8,9,10,11,12,13,14,15,16,17,18,19,20,21,22,23,24,25,26,27,28,29,30,31	e3e82d8dfcd9b7c3	2	0.64	0.638058	52	pdOPT	-5.3812637297885203e-01	5.1	ok	0	out_main/rows_Amin_t32.tsv
expanse-epyc7742	gmp	8_min	19	up_t32	32	0,1,2,3,4,5,6,7,8,9,10,11,12,13,14,15,16,17,18,19,20,21,22,23,24,25,26,27,28,29,30,31	e3e82d8dfcd9b7c3	3	0.64	0.641230	52	pdOPT	-5.3812637297885203e-01	5.0	ok	0	out_main/rows_Amin_t32.tsv
expanse-epyc7742	gmp	8_min	19	fork_t32	32	0,1,2,3,4,5,6,7,8,9,10,11,12,13,14,15,16,17,18,19,20,21,22,23,24,25,26,27,28,29,30,31	e3e82d8dfcd9b7c3	1	0.71	0.710376	52	pdOPT	-5.3812637297885203e-01	4.9	ok	0	out_main/rows_Amin_t32.tsv
expanse-epyc7742	gmp	8_min	19	fork_t32	32	0,1,2,3,4,5,6,7,8,9,10,11,12,13,14,15,16,17,18,19,20,21,22,23,24,25,26,27,28,29,30,31	e3e82d8dfcd9b7c3	2	0.71	0.710046	52	pdOPT	-5.3812637297885203e-01	4.9	ok	0	out_main/rows_Amin_t32.tsv
expanse-epyc7742	gmp	8_min	19	fork_t32	32	0,1,2,3,4,5,6,7,8,9,10,11,12,13,14,15,16,17,18,19,20,21,22,23,24,25,26,27,28,29,30,31	e3e82d8dfcd9b7c3	3	0.71	0.712590	52	pdOPT	-5.3812637297885203e-01	4.9	ok	0	out_main/rows_Amin_t32.tsv
expanse-epyc7742	gmp	10_min	74	up_t32	32	0,1,2,3,4,5,6,7,8,9,10,11,12,13,14,15,16,17,18,19,20,21,22,23,24,25,26,27,28,29,30,31	e3e82d8dfcd9b7c3	1	20.05	19.940025	61	pdOPT	-4.7926054387208136e-01	12.1	ok	0	out_main/rows_Amin_t32.tsv
expanse-epyc7742	gmp	10_min	74	up_t32	32	0,1,2,3,4,5,6,7,8,9,10,11,12,13,14,15,16,17,18,19,20,21,22,23,24,25,26,27,28,29,30,31	e3e82d8dfcd9b7c3	2	20.01	19.900766	61	pdOPT	-4.7926054387208136e-01	12.1	ok	0	out_main/rows_Amin_t32.tsv
expanse-epyc7742	gmp	10_min	74	up_t32	32	0,1,2,3,4,5,6,7,8,9,10,11,12,13,14,15,16,17,18,19,20,21,22,23,24,25,26,27,28,29,30,31	e3e82d8dfcd9b7c3	3	19.97	19.859903	61	pdOPT	-4.7926054387208136e-01	12.2	ok	0	out_main/rows_Amin_t32.tsv
expanse-epyc7742	gmp	10_min	74	fork_t32	32	0,1,2,3,4,5,6,7,8,9,10,11,12,13,14,15,16,17,18,19,20,21,22,23,24,25,26,27,28,29,30,31	e3e82d8dfcd9b7c3	1	9.18	9.042627	61	pdOPT	-4.7926054387208136e-01	19.4	ok	0	out_main/rows_Amin_t32.tsv
expanse-epyc7742	gmp	10_min	74	fork_t32	32	0,1,2,3,4,5,6,7,8,9,10,11,12,13,14,15,16,17,18,19,20,21,22,23,24,25,26,27,28,29,30,31	e3e82d8dfcd9b7c3	2	9.17	9.032729	61	pdOPT	-4.7926054387208136e-01	19.4	ok	0	out_main/rows_Amin_t32.tsv
expanse-epyc7742	gmp	10_min	74	fork_t32	32	0,1,2,3,4,5,6,7,8,9,10,11,12,13,14,15,16,17,18,19,20,21,22,23,24,25,26,27,28,29,30,31	e3e82d8dfcd9b7c3	3	9.19	9.048590	61	pdOPT	-4.7926054387208136e-01	19.4	ok	0	out_main/rows_Amin_t32.tsv
expanse-epyc7742	gmp	8_min	19	fork_t4	4	0,1,2,3	e3e82d8dfcd9b7c3	1	0.72	0.713493	52	pdOPT	-5.3812637297885203e-01	4.8	ok	0	out_main/rows_Amin_t4.tsv
expanse-epyc7742	gmp	8_min	19	fork_t4	4	0,1,2,3	e3e82d8dfcd9b7c3	2	0.72	0.716036	52	pdOPT	-5.3812637297885203e-01	4.8	ok	0	out_main/rows_Amin_t4.tsv
expanse-epyc7742	gmp	8_min	19	fork_t4	4	0,1,2,3	e3e82d8dfcd9b7c3	3	0.72	0.718280	52	pdOPT	-5.3812637297885203e-01	4.8	ok	0	out_main/rows_Amin_t4.tsv
expanse-epyc7742	gmp	8_min	19	up_t4	4	0,1,2,3	e3e82d8dfcd9b7c3	1	0.59	0.587194	52	pdOPT	-5.3812637297885203e-01	4.6	ok	0	out_main/rows_Amin_t4.tsv
expanse-epyc7742	gmp	8_min	19	up_t4	4	0,1,2,3	e3e82d8dfcd9b7c3	2	0.59	0.587351	52	pdOPT	-5.3812637297885203e-01	4.6	ok	0	out_main/rows_Amin_t4.tsv
expanse-epyc7742	gmp	8_min	19	up_t4	4	0,1,2,3	e3e82d8dfcd9b7c3	3	0.59	0.585612	52	pdOPT	-5.3812637297885203e-01	4.6	ok	0	out_main/rows_Amin_t4.tsv
expanse-epyc7742	gmp	10_min	74	fork_t4	4	0,1,2,3	e3e82d8dfcd9b7c3	1	14.84	14.704598	61	pdOPT	-4.7926054387208136e-01	12.3	ok	0	out_main/rows_Amin_t4.tsv
expanse-epyc7742	gmp	10_min	74	fork_t4	4	0,1,2,3	e3e82d8dfcd9b7c3	2	14.86	14.716508	61	pdOPT	-4.7926054387208136e-01	12.3	ok	0	out_main/rows_Amin_t4.tsv
expanse-epyc7742	gmp	10_min	74	fork_t4	4	0,1,2,3	e3e82d8dfcd9b7c3	3	14.88	14.743537	61	pdOPT	-4.7926054387208136e-01	12.3	ok	0	out_main/rows_Amin_t4.tsv
expanse-epyc7742	gmp	10_min	74	up_t4	4	0,1,2,3	e3e82d8dfcd9b7c3	1	22.98	22.869209	61	pdOPT	-4.7926054387208136e-01	11.8	ok	0	out_main/rows_Amin_t4.tsv
expanse-epyc7742	gmp	10_min	74	up_t4	4	0,1,2,3	e3e82d8dfcd9b7c3	2	23	22.889424	61	pdOPT	-4.7926054387208136e-01	11.8	ok	0	out_main/rows_Amin_t4.tsv
expanse-epyc7742	gmp	10_min	74	up_t4	4	0,1,2,3	e3e82d8dfcd9b7c3	3	22.91	22.807606	61	pdOPT	-4.7926054387208136e-01	11.8	ok	0	out_main/rows_Amin_t4.tsv
expanse-epyc7742	gmp	8_min	19	fork_t64	64	0,1,2,3,4,5,6,7,8,9,10,11,12,13,14,15,16,17,18,19,20,21,22,23,24,25,26,27,28,29,30,31,32,33,34,35,36,37,38,39,40,41,42,43,44,45,46,47,48,49,50,51,52,53,54,55,56,57,58,59,60,61,62,63	e3e82d8dfcd9b7c3	1	0.73	0.723117	52	pdOPT	-5.3812637297885203e-01	4.7	ok	0	out_main/rows_Amin_t64.tsv
expanse-epyc7742	gmp	8_min	19	fork_t64	64	0,1,2,3,4,5,6,7,8,9,10,11,12,13,14,15,16,17,18,19,20,21,22,23,24,25,26,27,28,29,30,31,32,33,34,35,36,37,38,39,40,41,42,43,44,45,46,47,48,49,50,51,52,53,54,55,56,57,58,59,60,61,62,63	e3e82d8dfcd9b7c3	2	0.73	0.723423	52	pdOPT	-5.3812637297885203e-01	4.7	ok	0	out_main/rows_Amin_t64.tsv
expanse-epyc7742	gmp	8_min	19	fork_t64	64	0,1,2,3,4,5,6,7,8,9,10,11,12,13,14,15,16,17,18,19,20,21,22,23,24,25,26,27,28,29,30,31,32,33,34,35,36,37,38,39,40,41,42,43,44,45,46,47,48,49,50,51,52,53,54,55,56,57,58,59,60,61,62,63	e3e82d8dfcd9b7c3	3	0.73	0.724438	52	pdOPT	-5.3812637297885203e-01	4.7	ok	0	out_main/rows_Amin_t64.tsv
expanse-epyc7742	gmp	8_min	19	up_t64	64	0,1,2,3,4,5,6,7,8,9,10,11,12,13,14,15,16,17,18,19,20,21,22,23,24,25,26,27,28,29,30,31,32,33,34,35,36,37,38,39,40,41,42,43,44,45,46,47,48,49,50,51,52,53,54,55,56,57,58,59,60,61,62,63	e3e82d8dfcd9b7c3	1	0.73	0.724658	52	pdOPT	-5.3812637297885203e-01	5.8	ok	0	out_main/rows_Amin_t64.tsv
expanse-epyc7742	gmp	8_min	19	up_t64	64	0,1,2,3,4,5,6,7,8,9,10,11,12,13,14,15,16,17,18,19,20,21,22,23,24,25,26,27,28,29,30,31,32,33,34,35,36,37,38,39,40,41,42,43,44,45,46,47,48,49,50,51,52,53,54,55,56,57,58,59,60,61,62,63	e3e82d8dfcd9b7c3	2	0.73	0.724567	52	pdOPT	-5.3812637297885203e-01	5.7	ok	0	out_main/rows_Amin_t64.tsv
expanse-epyc7742	gmp	8_min	19	up_t64	64	0,1,2,3,4,5,6,7,8,9,10,11,12,13,14,15,16,17,18,19,20,21,22,23,24,25,26,27,28,29,30,31,32,33,34,35,36,37,38,39,40,41,42,43,44,45,46,47,48,49,50,51,52,53,54,55,56,57,58,59,60,61,62,63	e3e82d8dfcd9b7c3	3	0.73	0.724849	52	pdOPT	-5.3812637297885203e-01	5.7	ok	0	out_main/rows_Amin_t64.tsv
expanse-epyc7742	gmp	10_min	74	fork_t64	64	0,1,2,3,4,5,6,7,8,9,10,11,12,13,14,15,16,17,18,19,20,21,22,23,24,25,26,27,28,29,30,31,32,33,34,35,36,37,38,39,40,41,42,43,44,45,46,47,48,49,50,51,52,53,54,55,56,57,58,59,60,61,62,63	e3e82d8dfcd9b7c3	1	9.11	8.966516	61	pdOPT	-4.7926054387208136e-01	27.7	ok	0	out_main/rows_Amin_t64.tsv
expanse-epyc7742	gmp	10_min	74	fork_t64	64	0,1,2,3,4,5,6,7,8,9,10,11,12,13,14,15,16,17,18,19,20,21,22,23,24,25,26,27,28,29,30,31,32,33,34,35,36,37,38,39,40,41,42,43,44,45,46,47,48,49,50,51,52,53,54,55,56,57,58,59,60,61,62,63	e3e82d8dfcd9b7c3	2	9.13	8.986670	61	pdOPT	-4.7926054387208136e-01	28.2	ok	0	out_main/rows_Amin_t64.tsv
expanse-epyc7742	gmp	10_min	74	fork_t64	64	0,1,2,3,4,5,6,7,8,9,10,11,12,13,14,15,16,17,18,19,20,21,22,23,24,25,26,27,28,29,30,31,32,33,34,35,36,37,38,39,40,41,42,43,44,45,46,47,48,49,50,51,52,53,54,55,56,57,58,59,60,61,62,63	e3e82d8dfcd9b7c3	3	9.13	8.986476	61	pdOPT	-4.7926054387208136e-01	27.9	ok	0	out_main/rows_Amin_t64.tsv
expanse-epyc7742	gmp	10_min	74	up_t64	64	0,1,2,3,4,5,6,7,8,9,10,11,12,13,14,15,16,17,18,19,20,21,22,23,24,25,26,27,28,29,30,31,32,33,34,35,36,37,38,39,40,41,42,43,44,45,46,47,48,49,50,51,52,53,54,55,56,57,58,59,60,61,62,63	e3e82d8dfcd9b7c3	1	20.6	20.494113	61	pdOPT	-4.7926054387208136e-01	12.8	ok	0	out_main/rows_Amin_t64.tsv
expanse-epyc7742	gmp	10_min	74	up_t64	64	0,1,2,3,4,5,6,7,8,9,10,11,12,13,14,15,16,17,18,19,20,21,22,23,24,25,26,27,28,29,30,31,32,33,34,35,36,37,38,39,40,41,42,43,44,45,46,47,48,49,50,51,52,53,54,55,56,57,58,59,60,61,62,63	e3e82d8dfcd9b7c3	2	20.43	20.325049	61	pdOPT	-4.7926054387208136e-01	12.6	ok	0	out_main/rows_Amin_t64.tsv
expanse-epyc7742	gmp	10_min	74	up_t64	64	0,1,2,3,4,5,6,7,8,9,10,11,12,13,14,15,16,17,18,19,20,21,22,23,24,25,26,27,28,29,30,31,32,33,34,35,36,37,38,39,40,41,42,43,44,45,46,47,48,49,50,51,52,53,54,55,56,57,58,59,60,61,62,63	e3e82d8dfcd9b7c3	3	20.48	20.368889	61	pdOPT	-4.7926054387208136e-01	12.6	ok	0	out_main/rows_Amin_t64.tsv
expanse-epyc7742	gmp	8_min	19	up_t8	8	0,1,2,3,4,5,6,7	e3e82d8dfcd9b7c3	1	0.6	0.596584	52	pdOPT	-5.3812637297885203e-01	4.7	ok	0	out_main/rows_Amin_t8.tsv
expanse-epyc7742	gmp	8_min	19	up_t8	8	0,1,2,3,4,5,6,7	e3e82d8dfcd9b7c3	2	0.6	0.599158	52	pdOPT	-5.3812637297885203e-01	4.7	ok	0	out_main/rows_Amin_t8.tsv
expanse-epyc7742	gmp	8_min	19	up_t8	8	0,1,2,3,4,5,6,7	e3e82d8dfcd9b7c3	3	0.6	0.601339	52	pdOPT	-5.3812637297885203e-01	4.7	ok	0	out_main/rows_Amin_t8.tsv
expanse-epyc7742	gmp	8_min	19	fork_t8	8	0,1,2,3,4,5,6,7	e3e82d8dfcd9b7c3	1	0.72	0.718106	52	pdOPT	-5.3812637297885203e-01	4.8	ok	0	out_main/rows_Amin_t8.tsv
expanse-epyc7742	gmp	8_min	19	fork_t8	8	0,1,2,3,4,5,6,7	e3e82d8dfcd9b7c3	2	0.72	0.717012	52	pdOPT	-5.3812637297885203e-01	4.8	ok	0	out_main/rows_Amin_t8.tsv
expanse-epyc7742	gmp	8_min	19	fork_t8	8	0,1,2,3,4,5,6,7	e3e82d8dfcd9b7c3	3	0.72	0.716274	52	pdOPT	-5.3812637297885203e-01	4.8	ok	0	out_main/rows_Amin_t8.tsv
expanse-epyc7742	gmp	10_min	74	up_t8	8	0,1,2,3,4,5,6,7	e3e82d8dfcd9b7c3	1	21.32	21.214024	61	pdOPT	-4.7926054387208136e-01	11.8	ok	0	out_main/rows_Amin_t8.tsv
expanse-epyc7742	gmp	10_min	74	up_t8	8	0,1,2,3,4,5,6,7	e3e82d8dfcd9b7c3	2	21.31	21.202732	61	pdOPT	-4.7926054387208136e-01	11.8	ok	0	out_main/rows_Amin_t8.tsv
expanse-epyc7742	gmp	10_min	74	up_t8	8	0,1,2,3,4,5,6,7	e3e82d8dfcd9b7c3	3	21.3	21.190496	61	pdOPT	-4.7926054387208136e-01	11.8	ok	0	out_main/rows_Amin_t8.tsv
expanse-epyc7742	gmp	10_min	74	fork_t8	8	0,1,2,3,4,5,6,7	e3e82d8dfcd9b7c3	1	11.67	11.532332	61	pdOPT	-4.7926054387208136e-01	13.3	ok	0	out_main/rows_Amin_t8.tsv
expanse-epyc7742	gmp	10_min	74	fork_t8	8	0,1,2,3,4,5,6,7	e3e82d8dfcd9b7c3	2	11.67	11.533110	61	pdOPT	-4.7926054387208136e-01	13.3	ok	0	out_main/rows_Amin_t8.tsv
expanse-epyc7742	gmp	10_min	74	fork_t8	8	0,1,2,3,4,5,6,7	e3e82d8dfcd9b7c3	3	11.69	11.550991	61	pdOPT	-4.7926054387208136e-01	13.3	ok	0	out_main/rows_Amin_t8.tsv
expanse-epyc7742	gmp	control1	21	fork_t1	1	0	33f968827a10dca7	1	0.22	0.217501	46	pdOPT	1.7784626717523405e+01	4.1	ok	0	out_main/rows_Asdplib_t1.tsv
expanse-epyc7742	gmp	control1	21	fork_t1	1	0	33f968827a10dca7	2	0.22	0.217625	46	pdOPT	1.7784626717523405e+01	4.1	ok	0	out_main/rows_Asdplib_t1.tsv
expanse-epyc7742	gmp	control1	21	fork_t1	1	0	33f968827a10dca7	3	0.21	0.215846	46	pdOPT	1.7784626717523405e+01	4.1	ok	0	out_main/rows_Asdplib_t1.tsv
expanse-epyc7742	gmp	control1	21	up_t1	1	0	33f968827a10dca7	1	0.22	0.219877	46	pdOPT	1.7784626717523405e+01	4.0	ok	0	out_main/rows_Asdplib_t1.tsv
expanse-epyc7742	gmp	control1	21	up_t1	1	0	33f968827a10dca7	2	0.22	0.219397	46	pdOPT	1.7784626717523405e+01	4.0	ok	0	out_main/rows_Asdplib_t1.tsv
expanse-epyc7742	gmp	control1	21	up_t1	1	0	33f968827a10dca7	3	0.22	0.219403	46	pdOPT	1.7784626717523405e+01	4.0	ok	0	out_main/rows_Asdplib_t1.tsv
expanse-epyc7742	gmp	theta1	104	fork_t1	1	0	33f968827a10dca7	1	3.09	3.085724	43	pdOPT	2.3000000000000000e+01	7.5	ok	0	out_main/rows_Asdplib_t1.tsv
expanse-epyc7742	gmp	theta1	104	fork_t1	1	0	33f968827a10dca7	2	3.1	3.092605	43	pdOPT	2.3000000000000000e+01	7.5	ok	0	out_main/rows_Asdplib_t1.tsv
expanse-epyc7742	gmp	theta1	104	fork_t1	1	0	33f968827a10dca7	3	3.09	3.082422	43	pdOPT	2.3000000000000000e+01	7.5	ok	0	out_main/rows_Asdplib_t1.tsv
expanse-epyc7742	gmp	theta1	104	up_t1	1	0	33f968827a10dca7	1	3.46	3.453701	43	pdOPT	2.3000000000000000e+01	7.5	ok	0	out_main/rows_Asdplib_t1.tsv
expanse-epyc7742	gmp	theta1	104	up_t1	1	0	33f968827a10dca7	2	3.49	3.483074	43	pdOPT	2.3000000000000000e+01	7.5	ok	0	out_main/rows_Asdplib_t1.tsv
expanse-epyc7742	gmp	theta1	104	up_t1	1	0	33f968827a10dca7	3	3.49	3.482389	43	pdOPT	2.3000000000000000e+01	7.5	ok	0	out_main/rows_Asdplib_t1.tsv
expanse-epyc7742	gmp	gpp100	101	fork_t1	1	0	33f968827a10dca7	1	39.69	39.658154	61	pFEAS	-4.4943550775891146e+01	15.8	partial	3	out_main/rows_Asdplib_t1.tsv
expanse-epyc7742	gmp	gpp100	101	fork_t1	1	0	33f968827a10dca7	2	40.01	39.973953	61	pFEAS	-4.4943550775891146e+01	15.8	partial	3	out_main/rows_Asdplib_t1.tsv
expanse-epyc7742	gmp	gpp100	101	fork_t1	1	0	33f968827a10dca7	3	40.07	40.038170	61	pFEAS	-4.4943550775891146e+01	15.8	partial	3	out_main/rows_Asdplib_t1.tsv
expanse-epyc7742	gmp	gpp100	101	up_t1	1	0	33f968827a10dca7	1	39.95	39.908485	61	pFEAS	-4.4943550775891146e+01	16.6	ok	0	out_main/rows_Asdplib_t1.tsv
expanse-epyc7742	gmp	gpp100	101	up_t1	1	0	33f968827a10dca7	2	40.41	40.368567	61	pFEAS	-4.4943550775891146e+01	16.6	ok	0	out_main/rows_Asdplib_t1.tsv
expanse-epyc7742	gmp	gpp100	101	up_t1	1	0	33f968827a10dca7	3	39.92	39.877161	61	pFEAS	-4.4943550775891146e+01	16.6	ok	0	out_main/rows_Asdplib_t1.tsv
expanse-epyc7742	gmp	truss5	208	fork_t1	1	0	33f968827a10dca7	1	11.97	11.945358	48	pdOPT	-1.3263567797250604e+02	11.7	ok	0	out_main/rows_Asdplib_t1.tsv
expanse-epyc7742	gmp	truss5	208	fork_t1	1	0	33f968827a10dca7	2	11.98	11.952772	48	pdOPT	-1.3263567797250604e+02	11.7	ok	0	out_main/rows_Asdplib_t1.tsv
expanse-epyc7742	gmp	truss5	208	fork_t1	1	0	33f968827a10dca7	3	12	11.977864	48	pdOPT	-1.3263567797250604e+02	11.7	ok	0	out_main/rows_Asdplib_t1.tsv
expanse-epyc7742	gmp	truss5	208	up_t1	1	0	33f968827a10dca7	1	12.49	12.463240	48	pdOPT	-1.3263567797250604e+02	11.7	ok	0	out_main/rows_Asdplib_t1.tsv
expanse-epyc7742	gmp	truss5	208	up_t1	1	0	33f968827a10dca7	2	12.47	12.443872	48	pdOPT	-1.3263567797250604e+02	11.7	ok	0	out_main/rows_Asdplib_t1.tsv
expanse-epyc7742	gmp	truss5	208	up_t1	1	0	33f968827a10dca7	3	12.42	12.394247	48	pdOPT	-1.3263567797250604e+02	11.7	ok	0	out_main/rows_Asdplib_t1.tsv
expanse-epyc7742	gmp	arch0	174	fork_t1	1	0	33f968827a10dca7	1	137.7	137.630811	53	pdOPT	5.6651727321592959e-01	33.3	ok	0	out_main/rows_Asdplib_t1.tsv
expanse-epyc7742	gmp	arch0	174	fork_t1	1	0	33f968827a10dca7	2	137.09	137.022924	53	pdOPT	5.6651727321592959e-01	33.3	ok	0	out_main/rows_Asdplib_t1.tsv
expanse-epyc7742	gmp	arch0	174	fork_t1	1	0	33f968827a10dca7	3	137.54	137.474500	53	pdOPT	5.6651727321592959e-01	33.3	ok	0	out_main/rows_Asdplib_t1.tsv
expanse-epyc7742	gmp	arch0	174	up_t1	1	0	33f968827a10dca7	1	143.69	143.620942	53	pdOPT	5.6651727321592959e-01	34.9	ok	0	out_main/rows_Asdplib_t1.tsv
expanse-epyc7742	gmp	arch0	174	up_t1	1	0	33f968827a10dca7	2	142.4	142.332974	53	pdOPT	5.6651727321592959e-01	34.9	ok	0	out_main/rows_Asdplib_t1.tsv
expanse-epyc7742	gmp	arch0	174	up_t1	1	0	33f968827a10dca7	3	142.32	142.254978	53	pdOPT	5.6651727321592959e-01	34.9	ok	0	out_main/rows_Asdplib_t1.tsv
expanse-epyc7742	gmp	control1	21	up_t128	128	0,1,2,3,4,5,6,7,8,9,10,11,12,13,14,15,16,17,18,19,20,21,22,23,24,25,26,27,28,29,30,31,32,33,34,35,36,37,38,39,40,41,42,43,44,45,46,47,48,49,50,51,52,53,54,55,56,57,58,59,60,61,62,63,64,65,66,67,68,69,70,71,72,73,74,75,76,77,78,79,80,81,82,83,84,85,86,87,88,89,90,91,92,93,94,95,96,97,98,99,100,101,102,103,104,105,106,107,108,109,110,111,112,113,114,115,116,117,118,119,120,121,122,123,124,125,126,127	33f968827a10dca7	1	0.28	0.274798	46	pdOPT	1.7784626717523405e+01	6.5	ok	0	out_main/rows_Asdplib_t128.tsv
expanse-epyc7742	gmp	control1	21	up_t128	128	0,1,2,3,4,5,6,7,8,9,10,11,12,13,14,15,16,17,18,19,20,21,22,23,24,25,26,27,28,29,30,31,32,33,34,35,36,37,38,39,40,41,42,43,44,45,46,47,48,49,50,51,52,53,54,55,56,57,58,59,60,61,62,63,64,65,66,67,68,69,70,71,72,73,74,75,76,77,78,79,80,81,82,83,84,85,86,87,88,89,90,91,92,93,94,95,96,97,98,99,100,101,102,103,104,105,106,107,108,109,110,111,112,113,114,115,116,117,118,119,120,121,122,123,124,125,126,127	33f968827a10dca7	2	0.41	0.402202	46	pdOPT	1.7784626717523405e+01	6.2	ok	0	out_main/rows_Asdplib_t128.tsv
expanse-epyc7742	gmp	control1	21	up_t128	128	0,1,2,3,4,5,6,7,8,9,10,11,12,13,14,15,16,17,18,19,20,21,22,23,24,25,26,27,28,29,30,31,32,33,34,35,36,37,38,39,40,41,42,43,44,45,46,47,48,49,50,51,52,53,54,55,56,57,58,59,60,61,62,63,64,65,66,67,68,69,70,71,72,73,74,75,76,77,78,79,80,81,82,83,84,85,86,87,88,89,90,91,92,93,94,95,96,97,98,99,100,101,102,103,104,105,106,107,108,109,110,111,112,113,114,115,116,117,118,119,120,121,122,123,124,125,126,127	33f968827a10dca7	3	0.28	0.272242	46	pdOPT	1.7784626717523405e+01	6.4	ok	0	out_main/rows_Asdplib_t128.tsv
expanse-epyc7742	gmp	control1	21	fork_t128	128	0,1,2,3,4,5,6,7,8,9,10,11,12,13,14,15,16,17,18,19,20,21,22,23,24,25,26,27,28,29,30,31,32,33,34,35,36,37,38,39,40,41,42,43,44,45,46,47,48,49,50,51,52,53,54,55,56,57,58,59,60,61,62,63,64,65,66,67,68,69,70,71,72,73,74,75,76,77,78,79,80,81,82,83,84,85,86,87,88,89,90,91,92,93,94,95,96,97,98,99,100,101,102,103,104,105,106,107,108,109,110,111,112,113,114,115,116,117,118,119,120,121,122,123,124,125,126,127	33f968827a10dca7	1	0.22	0.216201	46	pdOPT	1.7784626717523405e+01	4.1	ok	0	out_main/rows_Asdplib_t128.tsv
expanse-epyc7742	gmp	control1	21	fork_t128	128	0,1,2,3,4,5,6,7,8,9,10,11,12,13,14,15,16,17,18,19,20,21,22,23,24,25,26,27,28,29,30,31,32,33,34,35,36,37,38,39,40,41,42,43,44,45,46,47,48,49,50,51,52,53,54,55,56,57,58,59,60,61,62,63,64,65,66,67,68,69,70,71,72,73,74,75,76,77,78,79,80,81,82,83,84,85,86,87,88,89,90,91,92,93,94,95,96,97,98,99,100,101,102,103,104,105,106,107,108,109,110,111,112,113,114,115,116,117,118,119,120,121,122,123,124,125,126,127	33f968827a10dca7	2	0.22	0.215936	46	pdOPT	1.7784626717523405e+01	4.1	ok	0	out_main/rows_Asdplib_t128.tsv
expanse-epyc7742	gmp	control1	21	fork_t128	128	0,1,2,3,4,5,6,7,8,9,10,11,12,13,14,15,16,17,18,19,20,21,22,23,24,25,26,27,28,29,30,31,32,33,34,35,36,37,38,39,40,41,42,43,44,45,46,47,48,49,50,51,52,53,54,55,56,57,58,59,60,61,62,63,64,65,66,67,68,69,70,71,72,73,74,75,76,77,78,79,80,81,82,83,84,85,86,87,88,89,90,91,92,93,94,95,96,97,98,99,100,101,102,103,104,105,106,107,108,109,110,111,112,113,114,115,116,117,118,119,120,121,122,123,124,125,126,127	33f968827a10dca7	3	0.22	0.214901	46	pdOPT	1.7784626717523405e+01	4.1	ok	0	out_main/rows_Asdplib_t128.tsv
expanse-epyc7742	gmp	theta1	104	up_t128	128	0,1,2,3,4,5,6,7,8,9,10,11,12,13,14,15,16,17,18,19,20,21,22,23,24,25,26,27,28,29,30,31,32,33,34,35,36,37,38,39,40,41,42,43,44,45,46,47,48,49,50,51,52,53,54,55,56,57,58,59,60,61,62,63,64,65,66,67,68,69,70,71,72,73,74,75,76,77,78,79,80,81,82,83,84,85,86,87,88,89,90,91,92,93,94,95,96,97,98,99,100,101,102,103,104,105,106,107,108,109,110,111,112,113,114,115,116,117,118,119,120,121,122,123,124,125,126,127	33f968827a10dca7	1	2.31	2.300871	43	pdOPT	2.3000000000000000e+01	10.0	ok	0	out_main/rows_Asdplib_t128.tsv
expanse-epyc7742	gmp	theta1	104	up_t128	128	0,1,2,3,4,5,6,7,8,9,10,11,12,13,14,15,16,17,18,19,20,21,22,23,24,25,26,27,28,29,30,31,32,33,34,35,36,37,38,39,40,41,42,43,44,45,46,47,48,49,50,51,52,53,54,55,56,57,58,59,60,61,62,63,64,65,66,67,68,69,70,71,72,73,74,75,76,77,78,79,80,81,82,83,84,85,86,87,88,89,90,91,92,93,94,95,96,97,98,99,100,101,102,103,104,105,106,107,108,109,110,111,112,113,114,115,116,117,118,119,120,121,122,123,124,125,126,127	33f968827a10dca7	2	2.23	2.216974	43	pdOPT	2.3000000000000000e+01	10.0	ok	0	out_main/rows_Asdplib_t128.tsv
expanse-epyc7742	gmp	theta1	104	up_t128	128	0,1,2,3,4,5,6,7,8,9,10,11,12,13,14,15,16,17,18,19,20,21,22,23,24,25,26,27,28,29,30,31,32,33,34,35,36,37,38,39,40,41,42,43,44,45,46,47,48,49,50,51,52,53,54,55,56,57,58,59,60,61,62,63,64,65,66,67,68,69,70,71,72,73,74,75,76,77,78,79,80,81,82,83,84,85,86,87,88,89,90,91,92,93,94,95,96,97,98,99,100,101,102,103,104,105,106,107,108,109,110,111,112,113,114,115,116,117,118,119,120,121,122,123,124,125,126,127	33f968827a10dca7	3	2.29	2.275215	43	pdOPT	2.3000000000000000e+01	10.1	ok	0	out_main/rows_Asdplib_t128.tsv
expanse-epyc7742	gmp	theta1	104	fork_t128	128	0,1,2,3,4,5,6,7,8,9,10,11,12,13,14,15,16,17,18,19,20,21,22,23,24,25,26,27,28,29,30,31,32,33,34,35,36,37,38,39,40,41,42,43,44,45,46,47,48,49,50,51,52,53,54,55,56,57,58,59,60,61,62,63,64,65,66,67,68,69,70,71,72,73,74,75,76,77,78,79,80,81,82,83,84,85,86,87,88,89,90,91,92,93,94,95,96,97,98,99,100,101,102,103,104,105,106,107,108,109,110,111,112,113,114,115,116,117,118,119,120,121,122,123,124,125,126,127	33f968827a10dca7	1	1.71	1.698861	43	pdOPT	2.3000000000000000e+01	22.7	ok	0	out_main/rows_Asdplib_t128.tsv
expanse-epyc7742	gmp	theta1	104	fork_t128	128	0,1,2,3,4,5,6,7,8,9,10,11,12,13,14,15,16,17,18,19,20,21,22,23,24,25,26,27,28,29,30,31,32,33,34,35,36,37,38,39,40,41,42,43,44,45,46,47,48,49,50,51,52,53,54,55,56,57,58,59,60,61,62,63,64,65,66,67,68,69,70,71,72,73,74,75,76,77,78,79,80,81,82,83,84,85,86,87,88,89,90,91,92,93,94,95,96,97,98,99,100,101,102,103,104,105,106,107,108,109,110,111,112,113,114,115,116,117,118,119,120,121,122,123,124,125,126,127	33f968827a10dca7	2	1.67	1.660611	43	pdOPT	2.3000000000000000e+01	24.9	ok	0	out_main/rows_Asdplib_t128.tsv
expanse-epyc7742	gmp	theta1	104	fork_t128	128	0,1,2,3,4,5,6,7,8,9,10,11,12,13,14,15,16,17,18,19,20,21,22,23,24,25,26,27,28,29,30,31,32,33,34,35,36,37,38,39,40,41,42,43,44,45,46,47,48,49,50,51,52,53,54,55,56,57,58,59,60,61,62,63,64,65,66,67,68,69,70,71,72,73,74,75,76,77,78,79,80,81,82,83,84,85,86,87,88,89,90,91,92,93,94,95,96,97,98,99,100,101,102,103,104,105,106,107,108,109,110,111,112,113,114,115,116,117,118,119,120,121,122,123,124,125,126,127	33f968827a10dca7	3	1.69	1.672817	43	pdOPT	2.3000000000000000e+01	24.4	ok	0	out_main/rows_Asdplib_t128.tsv
expanse-epyc7742	gmp	gpp100	101	up_t128	128	0,1,2,3,4,5,6,7,8,9,10,11,12,13,14,15,16,17,18,19,20,21,22,23,24,25,26,27,28,29,30,31,32,33,34,35,36,37,38,39,40,41,42,43,44,45,46,47,48,49,50,51,52,53,54,55,56,57,58,59,60,61,62,63,64,65,66,67,68,69,70,71,72,73,74,75,76,77,78,79,80,81,82,83,84,85,86,87,88,89,90,91,92,93,94,95,96,97,98,99,100,101,102,103,104,105,106,107,108,109,110,111,112,113,114,115,116,117,118,119,120,121,122,123,124,125,126,127	33f968827a10dca7	1	11.4	11.352731	61	pFEAS	-4.4943550775891146e+01	17.6	ok	0	out_main/rows_Asdplib_t128.tsv
expanse-epyc7742	gmp	gpp100	101	up_t128	128	0,1,2,3,4,5,6,7,8,9,10,11,12,13,14,15,16,17,18,19,20,21,22,23,24,25,26,27,28,29,30,31,32,33,34,35,36,37,38,39,40,41,42,43,44,45,46,47,48,49,50,51,52,53,54,55,56,57,58,59,60,61,62,63,64,65,66,67,68,69,70,71,72,73,74,75,76,77,78,79,80,81,82,83,84,85,86,87,88,89,90,91,92,93,94,95,96,97,98,99,100,101,102,103,104,105,106,107,108,109,110,111,112,113,114,115,116,117,118,119,120,121,122,123,124,125,126,127	33f968827a10dca7	2	11.45	11.401324	61	pFEAS	-4.4943550775891146e+01	18.7	ok	0	out_main/rows_Asdplib_t128.tsv
expanse-epyc7742	gmp	gpp100	101	up_t128	128	0,1,2,3,4,5,6,7,8,9,10,11,12,13,14,15,16,17,18,19,20,21,22,23,24,25,26,27,28,29,30,31,32,33,34,35,36,37,38,39,40,41,42,43,44,45,46,47,48,49,50,51,52,53,54,55,56,57,58,59,60,61,62,63,64,65,66,67,68,69,70,71,72,73,74,75,76,77,78,79,80,81,82,83,84,85,86,87,88,89,90,91,92,93,94,95,96,97,98,99,100,101,102,103,104,105,106,107,108,109,110,111,112,113,114,115,116,117,118,119,120,121,122,123,124,125,126,127	33f968827a10dca7	3	11.54	11.493592	61	pFEAS	-4.4943550775891146e+01	17.6	ok	0	out_main/rows_Asdplib_t128.tsv
expanse-epyc7742	gmp	gpp100	101	fork_t128	128	0,1,2,3,4,5,6,7,8,9,10,11,12,13,14,15,16,17,18,19,20,21,22,23,24,25,26,27,28,29,30,31,32,33,34,35,36,37,38,39,40,41,42,43,44,45,46,47,48,49,50,51,52,53,54,55,56,57,58,59,60,61,62,63,64,65,66,67,68,69,70,71,72,73,74,75,76,77,78,79,80,81,82,83,84,85,86,87,88,89,90,91,92,93,94,95,96,97,98,99,100,101,102,103,104,105,106,107,108,109,110,111,112,113,114,115,116,117,118,119,120,121,122,123,124,125,126,127	33f968827a10dca7	1	7.08	7.032415	61	pFEAS	-4.4943550775891146e+01	16.8	partial	3	out_main/rows_Asdplib_t128.tsv
expanse-epyc7742	gmp	gpp100	101	fork_t128	128	0,1,2,3,4,5,6,7,8,9,10,11,12,13,14,15,16,17,18,19,20,21,22,23,24,25,26,27,28,29,30,31,32,33,34,35,36,37,38,39,40,41,42,43,44,45,46,47,48,49,50,51,52,53,54,55,56,57,58,59,60,61,62,63,64,65,66,67,68,69,70,71,72,73,74,75,76,77,78,79,80,81,82,83,84,85,86,87,88,89,90,91,92,93,94,95,96,97,98,99,100,101,102,103,104,105,106,107,108,109,110,111,112,113,114,115,116,117,118,119,120,121,122,123,124,125,126,127	33f968827a10dca7	2	7.07	7.026723	61	pFEAS	-4.4943550775891146e+01	16.7	partial	3	out_main/rows_Asdplib_t128.tsv
expanse-epyc7742	gmp	gpp100	101	fork_t128	128	0,1,2,3,4,5,6,7,8,9,10,11,12,13,14,15,16,17,18,19,20,21,22,23,24,25,26,27,28,29,30,31,32,33,34,35,36,37,38,39,40,41,42,43,44,45,46,47,48,49,50,51,52,53,54,55,56,57,58,59,60,61,62,63,64,65,66,67,68,69,70,71,72,73,74,75,76,77,78,79,80,81,82,83,84,85,86,87,88,89,90,91,92,93,94,95,96,97,98,99,100,101,102,103,104,105,106,107,108,109,110,111,112,113,114,115,116,117,118,119,120,121,122,123,124,125,126,127	33f968827a10dca7	3	7.02	6.980893	61	pFEAS	-4.4943550775891146e+01	17.7	partial	3	out_main/rows_Asdplib_t128.tsv
expanse-epyc7742	gmp	truss5	208	up_t128	128	0,1,2,3,4,5,6,7,8,9,10,11,12,13,14,15,16,17,18,19,20,21,22,23,24,25,26,27,28,29,30,31,32,33,34,35,36,37,38,39,40,41,42,43,44,45,46,47,48,49,50,51,52,53,54,55,56,57,58,59,60,61,62,63,64,65,66,67,68,69,70,71,72,73,74,75,76,77,78,79,80,81,82,83,84,85,86,87,88,89,90,91,92,93,94,95,96,97,98,99,100,101,102,103,104,105,106,107,108,109,110,111,112,113,114,115,116,117,118,119,120,121,122,123,124,125,126,127	33f968827a10dca7	1	12.56	12.525615	48	pdOPT	-1.3263567797250604e+02	13.6	ok	0	out_main/rows_Asdplib_t128.tsv
expanse-epyc7742	gmp	truss5	208	up_t128	128	0,1,2,3,4,5,6,7,8,9,10,11,12,13,14,15,16,17,18,19,20,21,22,23,24,25,26,27,28,29,30,31,32,33,34,35,36,37,38,39,40,41,42,43,44,45,46,47,48,49,50,51,52,53,54,55,56,57,58,59,60,61,62,63,64,65,66,67,68,69,70,71,72,73,74,75,76,77,78,79,80,81,82,83,84,85,86,87,88,89,90,91,92,93,94,95,96,97,98,99,100,101,102,103,104,105,106,107,108,109,110,111,112,113,114,115,116,117,118,119,120,121,122,123,124,125,126,127	33f968827a10dca7	2	12.84	12.812853	48	pdOPT	-1.3263567797250604e+02	13.6	ok	0	out_main/rows_Asdplib_t128.tsv
expanse-epyc7742	gmp	truss5	208	up_t128	128	0,1,2,3,4,5,6,7,8,9,10,11,12,13,14,15,16,17,18,19,20,21,22,23,24,25,26,27,28,29,30,31,32,33,34,35,36,37,38,39,40,41,42,43,44,45,46,47,48,49,50,51,52,53,54,55,56,57,58,59,60,61,62,63,64,65,66,67,68,69,70,71,72,73,74,75,76,77,78,79,80,81,82,83,84,85,86,87,88,89,90,91,92,93,94,95,96,97,98,99,100,101,102,103,104,105,106,107,108,109,110,111,112,113,114,115,116,117,118,119,120,121,122,123,124,125,126,127	33f968827a10dca7	3	12.7	12.662330	48	pdOPT	-1.3263567797250604e+02	13.6	ok	0	out_main/rows_Asdplib_t128.tsv
expanse-epyc7742	gmp	truss5	208	fork_t128	128	0,1,2,3,4,5,6,7,8,9,10,11,12,13,14,15,16,17,18,19,20,21,22,23,24,25,26,27,28,29,30,31,32,33,34,35,36,37,38,39,40,41,42,43,44,45,46,47,48,49,50,51,52,53,54,55,56,57,58,59,60,61,62,63,64,65,66,67,68,69,70,71,72,73,74,75,76,77,78,79,80,81,82,83,84,85,86,87,88,89,90,91,92,93,94,95,96,97,98,99,100,101,102,103,104,105,106,107,108,109,110,111,112,113,114,115,116,117,118,119,120,121,122,123,124,125,126,127	33f968827a10dca7	1	7.14	7.105243	48	pdOPT	-1.3263567797250604e+02	14.8	ok	0	out_main/rows_Asdplib_t128.tsv
expanse-epyc7742	gmp	truss5	208	fork_t128	128	0,1,2,3,4,5,6,7,8,9,10,11,12,13,14,15,16,17,18,19,20,21,22,23,24,25,26,27,28,29,30,31,32,33,34,35,36,37,38,39,40,41,42,43,44,45,46,47,48,49,50,51,52,53,54,55,56,57,58,59,60,61,62,63,64,65,66,67,68,69,70,71,72,73,74,75,76,77,78,79,80,81,82,83,84,85,86,87,88,89,90,91,92,93,94,95,96,97,98,99,100,101,102,103,104,105,106,107,108,109,110,111,112,113,114,115,116,117,118,119,120,121,122,123,124,125,126,127	33f968827a10dca7	2	7.17	7.141696	48	pdOPT	-1.3263567797250604e+02	15.3	ok	0	out_main/rows_Asdplib_t128.tsv
expanse-epyc7742	gmp	truss5	208	fork_t128	128	0,1,2,3,4,5,6,7,8,9,10,11,12,13,14,15,16,17,18,19,20,21,22,23,24,25,26,27,28,29,30,31,32,33,34,35,36,37,38,39,40,41,42,43,44,45,46,47,48,49,50,51,52,53,54,55,56,57,58,59,60,61,62,63,64,65,66,67,68,69,70,71,72,73,74,75,76,77,78,79,80,81,82,83,84,85,86,87,88,89,90,91,92,93,94,95,96,97,98,99,100,101,102,103,104,105,106,107,108,109,110,111,112,113,114,115,116,117,118,119,120,121,122,123,124,125,126,127	33f968827a10dca7	3	7.11	7.076257	48	pdOPT	-1.3263567797250604e+02	15.4	ok	0	out_main/rows_Asdplib_t128.tsv
expanse-epyc7742	gmp	arch0	174	up_t128	128	0,1,2,3,4,5,6,7,8,9,10,11,12,13,14,15,16,17,18,19,20,21,22,23,24,25,26,27,28,29,30,31,32,33,34,35,36,37,38,39,40,41,42,43,44,45,46,47,48,49,50,51,52,53,54,55,56,57,58,59,60,61,62,63,64,65,66,67,68,69,70,71,72,73,74,75,76,77,78,79,80,81,82,83,84,85,86,87,88,89,90,91,92,93,94,95,96,97,98,99,100,101,102,103,104,105,106,107,108,109,110,111,112,113,114,115,116,117,118,119,120,121,122,123,124,125,126,127	33f968827a10dca7	1	88.03	87.946285	53	pdOPT	5.6651727321592959e-01	39.8	ok	0	out_main/rows_Asdplib_t128.tsv
expanse-epyc7742	gmp	arch0	174	up_t128	128	0,1,2,3,4,5,6,7,8,9,10,11,12,13,14,15,16,17,18,19,20,21,22,23,24,25,26,27,28,29,30,31,32,33,34,35,36,37,38,39,40,41,42,43,44,45,46,47,48,49,50,51,52,53,54,55,56,57,58,59,60,61,62,63,64,65,66,67,68,69,70,71,72,73,74,75,76,77,78,79,80,81,82,83,84,85,86,87,88,89,90,91,92,93,94,95,96,97,98,99,100,101,102,103,104,105,106,107,108,109,110,111,112,113,114,115,116,117,118,119,120,121,122,123,124,125,126,127	33f968827a10dca7	2	88.12	88.036593	53	pdOPT	5.6651727321592959e-01	39.7	ok	0	out_main/rows_Asdplib_t128.tsv
expanse-epyc7742	gmp	arch0	174	up_t128	128	0,1,2,3,4,5,6,7,8,9,10,11,12,13,14,15,16,17,18,19,20,21,22,23,24,25,26,27,28,29,30,31,32,33,34,35,36,37,38,39,40,41,42,43,44,45,46,47,48,49,50,51,52,53,54,55,56,57,58,59,60,61,62,63,64,65,66,67,68,69,70,71,72,73,74,75,76,77,78,79,80,81,82,83,84,85,86,87,88,89,90,91,92,93,94,95,96,97,98,99,100,101,102,103,104,105,106,107,108,109,110,111,112,113,114,115,116,117,118,119,120,121,122,123,124,125,126,127	33f968827a10dca7	3	88.09	88.006584	53	pdOPT	5.6651727321592959e-01	39.8	ok	0	out_main/rows_Asdplib_t128.tsv
expanse-epyc7742	gmp	arch0	174	fork_t128	128	0,1,2,3,4,5,6,7,8,9,10,11,12,13,14,15,16,17,18,19,20,21,22,23,24,25,26,27,28,29,30,31,32,33,34,35,36,37,38,39,40,41,42,43,44,45,46,47,48,49,50,51,52,53,54,55,56,57,58,59,60,61,62,63,64,65,66,67,68,69,70,71,72,73,74,75,76,77,78,79,80,81,82,83,84,85,86,87,88,89,90,91,92,93,94,95,96,97,98,99,100,101,102,103,104,105,106,107,108,109,110,111,112,113,114,115,116,117,118,119,120,121,122,123,124,125,126,127	33f968827a10dca7	1	15.89	15.805490	53	pdOPT	5.6651727321592959e-01	35.4	ok	0	out_main/rows_Asdplib_t128.tsv
expanse-epyc7742	gmp	arch0	174	fork_t128	128	0,1,2,3,4,5,6,7,8,9,10,11,12,13,14,15,16,17,18,19,20,21,22,23,24,25,26,27,28,29,30,31,32,33,34,35,36,37,38,39,40,41,42,43,44,45,46,47,48,49,50,51,52,53,54,55,56,57,58,59,60,61,62,63,64,65,66,67,68,69,70,71,72,73,74,75,76,77,78,79,80,81,82,83,84,85,86,87,88,89,90,91,92,93,94,95,96,97,98,99,100,101,102,103,104,105,106,107,108,109,110,111,112,113,114,115,116,117,118,119,120,121,122,123,124,125,126,127	33f968827a10dca7	2	16.32	16.228872	53	pdOPT	5.6651727321592959e-01	35.5	ok	0	out_main/rows_Asdplib_t128.tsv
expanse-epyc7742	gmp	arch0	174	fork_t128	128	0,1,2,3,4,5,6,7,8,9,10,11,12,13,14,15,16,17,18,19,20,21,22,23,24,25,26,27,28,29,30,31,32,33,34,35,36,37,38,39,40,41,42,43,44,45,46,47,48,49,50,51,52,53,54,55,56,57,58,59,60,61,62,63,64,65,66,67,68,69,70,71,72,73,74,75,76,77,78,79,80,81,82,83,84,85,86,87,88,89,90,91,92,93,94,95,96,97,98,99,100,101,102,103,104,105,106,107,108,109,110,111,112,113,114,115,116,117,118,119,120,121,122,123,124,125,126,127	33f968827a10dca7	3	15.69	15.598250	53	pdOPT	5.6651727321592959e-01	35.5	ok	0	out_main/rows_Asdplib_t128.tsv
expanse-epyc7742	gmp	control1	21	fork_t16	16	0,1,2,3,4,5,6,7,8,9,10,11,12,13,14,15	33f968827a10dca7	1	0.22	0.219032	46	pdOPT	1.7784626717523405e+01	4.3	ok	0	out_main/rows_Asdplib_t16.tsv
expanse-epyc7742	gmp	control1	21	fork_t16	16	0,1,2,3,4,5,6,7,8,9,10,11,12,13,14,15	33f968827a10dca7	2	0.22	0.217785	46	pdOPT	1.7784626717523405e+01	4.3	ok	0	out_main/rows_Asdplib_t16.tsv
expanse-epyc7742	gmp	control1	21	fork_t16	16	0,1,2,3,4,5,6,7,8,9,10,11,12,13,14,15	33f968827a10dca7	3	0.22	0.217145	46	pdOPT	1.7784626717523405e+01	4.3	ok	0	out_main/rows_Asdplib_t16.tsv
expanse-epyc7742	gmp	control1	21	up_t16	16	0,1,2,3,4,5,6,7,8,9,10,11,12,13,14,15	33f968827a10dca7	1	0.18	0.182437	46	pdOPT	1.7784626717523405e+01	4.2	ok	0	out_main/rows_Asdplib_t16.tsv
expanse-epyc7742	gmp	control1	21	up_t16	16	0,1,2,3,4,5,6,7,8,9,10,11,12,13,14,15	33f968827a10dca7	2	0.18	0.182260	46	pdOPT	1.7784626717523405e+01	4.2	ok	0	out_main/rows_Asdplib_t16.tsv
expanse-epyc7742	gmp	control1	21	up_t16	16	0,1,2,3,4,5,6,7,8,9,10,11,12,13,14,15	33f968827a10dca7	3	0.18	0.182231	46	pdOPT	1.7784626717523405e+01	4.2	ok	0	out_main/rows_Asdplib_t16.tsv
expanse-epyc7742	gmp	theta1	104	fork_t16	16	0,1,2,3,4,5,6,7,8,9,10,11,12,13,14,15	33f968827a10dca7	1	1.61	1.603639	43	pdOPT	2.3000000000000000e+01	11.9	ok	0	out_main/rows_Asdplib_t16.tsv
expanse-epyc7742	gmp	theta1	104	fork_t16	16	0,1,2,3,4,5,6,7,8,9,10,11,12,13,14,15	33f968827a10dca7	2	1.61	1.602528	43	pdOPT	2.3000000000000000e+01	11.9	ok	0	out_main/rows_Asdplib_t16.tsv
expanse-epyc7742	gmp	theta1	104	fork_t16	16	0,1,2,3,4,5,6,7,8,9,10,11,12,13,14,15	33f968827a10dca7	3	1.61	1.600583	43	pdOPT	2.3000000000000000e+01	12.8	ok	0	out_main/rows_Asdplib_t16.tsv
expanse-epyc7742	gmp	theta1	104	up_t16	16	0,1,2,3,4,5,6,7,8,9,10,11,12,13,14,15	33f968827a10dca7	1	2.26	2.255053	43	pdOPT	2.3000000000000000e+01	7.9	ok	0	out_main/rows_Asdplib_t16.tsv
expanse-epyc7742	gmp	theta1	104	up_t16	16	0,1,2,3,4,5,6,7,8,9,10,11,12,13,14,15	33f968827a10dca7	2	2.27	2.256583	43	pdOPT	2.3000000000000000e+01	7.9	ok	0	out_main/rows_Asdplib_t16.tsv
expanse-epyc7742	gmp	theta1	104	up_t16	16	0,1,2,3,4,5,6,7,8,9,10,11,12,13,14,15	33f968827a10dca7	3	2.27	2.257952	43	pdOPT	2.3000000000000000e+01	7.9	ok	0	out_main/rows_Asdplib_t16.tsv
expanse-epyc7742	gmp	gpp100	101	fork_t16	16	0,1,2,3,4,5,6,7,8,9,10,11,12,13,14,15	33f968827a10dca7	1	8.31	8.269214	61	pFEAS	-4.4943550775891146e+01	16.0	partial	3	out_main/rows_Asdplib_t16.tsv
expanse-epyc7742	gmp	gpp100	101	fork_t16	16	0,1,2,3,4,5,6,7,8,9,10,11,12,13,14,15	33f968827a10dca7	2	8.29	8.254272	61	pFEAS	-4.4943550775891146e+01	16.0	partial	3	out_main/rows_Asdplib_t16.tsv
expanse-epyc7742	gmp	gpp100	101	fork_t16	16	0,1,2,3,4,5,6,7,8,9,10,11,12,13,14,15	33f968827a10dca7	3	8.31	8.273099	61	pFEAS	-4.4943550775891146e+01	16.0	partial	3	out_main/rows_Asdplib_t16.tsv
expanse-epyc7742	gmp	gpp100	101	up_t16	16	0,1,2,3,4,5,6,7,8,9,10,11,12,13,14,15	33f968827a10dca7	1	12.57	12.526766	61	pFEAS	-4.4943550775891146e+01	16.7	ok	0	out_main/rows_Asdplib_t16.tsv
expanse-epyc7742	gmp	gpp100	101	up_t16	16	0,1,2,3,4,5,6,7,8,9,10,11,12,13,14,15	33f968827a10dca7	2	12.48	12.442278	61	pFEAS	-4.4943550775891146e+01	16.7	ok	0	out_main/rows_Asdplib_t16.tsv
expanse-epyc7742	gmp	gpp100	101	up_t16	16	0,1,2,3,4,5,6,7,8,9,10,11,12,13,14,15	33f968827a10dca7	3	12.53	12.483651	61	pFEAS	-4.4943550775891146e+01	16.7	ok	0	out_main/rows_Asdplib_t16.tsv
expanse-epyc7742	gmp	truss5	208	fork_t16	16	0,1,2,3,4,5,6,7,8,9,10,11,12,13,14,15	33f968827a10dca7	1	7.15	7.125352	48	pdOPT	-1.3263567797250604e+02	12.2	ok	0	out_main/rows_Asdplib_t16.tsv
expanse-epyc7742	gmp	truss5	208	fork_t16	16	0,1,2,3,4,5,6,7,8,9,10,11,12,13,14,15	33f968827a10dca7	2	7.13	7.099411	48	pdOPT	-1.3263567797250604e+02	12.1	ok	0	out_main/rows_Asdplib_t16.tsv
expanse-epyc7742	gmp	truss5	208	fork_t16	16	0,1,2,3,4,5,6,7,8,9,10,11,12,13,14,15	33f968827a10dca7	3	7.15	7.126832	48	pdOPT	-1.3263567797250604e+02	12.3	ok	0	out_main/rows_Asdplib_t16.tsv
expanse-epyc7742	gmp	truss5	208	up_t16	16	0,1,2,3,4,5,6,7,8,9,10,11,12,13,14,15	33f968827a10dca7	1	11.87	11.842035	48	pdOPT	-1.3263567797250604e+02	12.3	ok	0	out_main/rows_Asdplib_t16.tsv
expanse-epyc7742	gmp	truss5	208	up_t16	16	0,1,2,3,4,5,6,7,8,9,10,11,12,13,14,15	33f968827a10dca7	2	11.89	11.858327	48	pdOPT	-1.3263567797250604e+02	12.3	ok	0	out_main/rows_Asdplib_t16.tsv
expanse-epyc7742	gmp	truss5	208	up_t16	16	0,1,2,3,4,5,6,7,8,9,10,11,12,13,14,15	33f968827a10dca7	3	12	11.972903	48	pdOPT	-1.3263567797250604e+02	12.3	ok	0	out_main/rows_Asdplib_t16.tsv
expanse-epyc7742	gmp	arch0	174	fork_t16	16	0,1,2,3,4,5,6,7,8,9,10,11,12,13,14,15	33f968827a10dca7	1	21.1	21.027480	53	pdOPT	5.6651727321592959e-01	33.6	ok	0	out_main/rows_Asdplib_t16.tsv
expanse-epyc7742	gmp	arch0	174	fork_t16	16	0,1,2,3,4,5,6,7,8,9,10,11,12,13,14,15	33f968827a10dca7	2	21.1	21.027109	53	pdOPT	5.6651727321592959e-01	33.6	ok	0	out_main/rows_Asdplib_t16.tsv
expanse-epyc7742	gmp	arch0	174	fork_t16	16	0,1,2,3,4,5,6,7,8,9,10,11,12,13,14,15	33f968827a10dca7	3	21	20.926209	53	pdOPT	5.6651727321592959e-01	33.6	ok	0	out_main/rows_Asdplib_t16.tsv
expanse-epyc7742	gmp	arch0	174	up_t16	16	0,1,2,3,4,5,6,7,8,9,10,11,12,13,14,15	33f968827a10dca7	1	90.58	90.505920	53	pdOPT	5.6651727321592959e-01	35.5	ok	0	out_main/rows_Asdplib_t16.tsv
expanse-epyc7742	gmp	arch0	174	up_t16	16	0,1,2,3,4,5,6,7,8,9,10,11,12,13,14,15	33f968827a10dca7	2	90.19	90.114918	53	pdOPT	5.6651727321592959e-01	35.5	ok	0	out_main/rows_Asdplib_t16.tsv
expanse-epyc7742	gmp	arch0	174	up_t16	16	0,1,2,3,4,5,6,7,8,9,10,11,12,13,14,15	33f968827a10dca7	3	90.18	90.104436	53	pdOPT	5.6651727321592959e-01	35.5	ok	0	out_main/rows_Asdplib_t16.tsv
expanse-epyc7742	gmp	control1	21	up_t2	2	0,1	33f968827a10dca7	1	0.19	0.190488	46	pdOPT	1.7784626717523405e+01	4.0	ok	0	out_main/rows_Asdplib_t2.tsv
expanse-epyc7742	gmp	control1	21	up_t2	2	0,1	33f968827a10dca7	2	0.19	0.188668	46	pdOPT	1.7784626717523405e+01	4.0	ok	0	out_main/rows_Asdplib_t2.tsv
expanse-epyc7742	gmp	control1	21	up_t2	2	0,1	33f968827a10dca7	3	0.19	0.188094	46	pdOPT	1.7784626717523405e+01	4.0	ok	0	out_main/rows_Asdplib_t2.tsv
expanse-epyc7742	gmp	control1	21	fork_t2	2	0,1	33f968827a10dca7	1	0.22	0.216804	46	pdOPT	1.7784626717523405e+01	4.2	ok	0	out_main/rows_Asdplib_t2.tsv
expanse-epyc7742	gmp	control1	21	fork_t2	2	0,1	33f968827a10dca7	2	0.22	0.219044	46	pdOPT	1.7784626717523405e+01	4.2	ok	0	out_main/rows_Asdplib_t2.tsv
expanse-epyc7742	gmp	control1	21	fork_t2	2	0,1	33f968827a10dca7	3	0.22	0.218669	46	pdOPT	1.7784626717523405e+01	4.2	ok	0	out_main/rows_Asdplib_t2.tsv
expanse-epyc7742	gmp	theta1	104	up_t2	2	0,1	33f968827a10dca7	1	2.81	2.798061	43	pdOPT	2.3000000000000000e+01	7.7	ok	0	out_main/rows_Asdplib_t2.tsv
expanse-epyc7742	gmp	theta1	104	up_t2	2	0,1	33f968827a10dca7	2	2.84	2.833393	43	pdOPT	2.3000000000000000e+01	7.7	ok	0	out_main/rows_Asdplib_t2.tsv
expanse-epyc7742	gmp	theta1	104	up_t2	2	0,1	33f968827a10dca7	3	2.82	2.808590	43	pdOPT	2.3000000000000000e+01	7.7	ok	0	out_main/rows_Asdplib_t2.tsv
expanse-epyc7742	gmp	theta1	104	fork_t2	2	0,1	33f968827a10dca7	1	2.28	2.269115	43	pdOPT	2.3000000000000000e+01	8.1	ok	0	out_main/rows_Asdplib_t2.tsv
expanse-epyc7742	gmp	theta1	104	fork_t2	2	0,1	33f968827a10dca7	2	2.28	2.274084	43	pdOPT	2.3000000000000000e+01	8.1	ok	0	out_main/rows_Asdplib_t2.tsv
expanse-epyc7742	gmp	theta1	104	fork_t2	2	0,1	33f968827a10dca7	3	2.28	2.272454	43	pdOPT	2.3000000000000000e+01	8.1	ok	0	out_main/rows_Asdplib_t2.tsv
expanse-epyc7742	gmp	gpp100	101	up_t2	2	0,1	33f968827a10dca7	1	25.43	25.385094	61	pFEAS	-4.4943550775891146e+01	16.6	ok	0	out_main/rows_Asdplib_t2.tsv
expanse-epyc7742	gmp	gpp100	101	up_t2	2	0,1	33f968827a10dca7	2	25.46	25.416955	61	pFEAS	-4.4943550775891146e+01	16.6	ok	0	out_main/rows_Asdplib_t2.tsv
expanse-epyc7742	gmp	gpp100	101	up_t2	2	0,1	33f968827a10dca7	3	25.35	25.312830	61	pFEAS	-4.4943550775891146e+01	16.6	ok	0	out_main/rows_Asdplib_t2.tsv
expanse-epyc7742	gmp	gpp100	101	fork_t2	2	0,1	33f968827a10dca7	1	22.88	22.843565	61	pFEAS	-4.4943550775891146e+01	15.9	partial	3	out_main/rows_Asdplib_t2.tsv
expanse-epyc7742	gmp	gpp100	101	fork_t2	2	0,1	33f968827a10dca7	2	22.87	22.831760	61	pFEAS	-4.4943550775891146e+01	15.9	partial	3	out_main/rows_Asdplib_t2.tsv
expanse-epyc7742	gmp	gpp100	101	fork_t2	2	0,1	33f968827a10dca7	3	22.9	22.864396	61	pFEAS	-4.4943550775891146e+01	15.9	partial	3	out_main/rows_Asdplib_t2.tsv
expanse-epyc7742	gmp	truss5	208	up_t2	2	0,1	33f968827a10dca7	1	12.07	12.044386	48	pdOPT	-1.3263567797250604e+02	12.2	ok	0	out_main/rows_Asdplib_t2.tsv
expanse-epyc7742	gmp	truss5	208	up_t2	2	0,1	33f968827a10dca7	2	12.09	12.060604	48	pdOPT	-1.3263567797250604e+02	12.2	ok	0	out_main/rows_Asdplib_t2.tsv
expanse-epyc7742	gmp	truss5	208	up_t2	2	0,1	33f968827a10dca7	3	12.1	12.077636	48	pdOPT	-1.3263567797250604e+02	12.2	ok	0	out_main/rows_Asdplib_t2.tsv
expanse-epyc7742	gmp	truss5	208	fork_t2	2	0,1	33f968827a10dca7	1	9.32	9.300208	48	pdOPT	-1.3263567797250604e+02	12.1	ok	0	out_main/rows_Asdplib_t2.tsv
expanse-epyc7742	gmp	truss5	208	fork_t2	2	0,1	33f968827a10dca7	2	9.38	9.353153	48	pdOPT	-1.3263567797250604e+02	12.1	ok	0	out_main/rows_Asdplib_t2.tsv
expanse-epyc7742	gmp	truss5	208	fork_t2	2	0,1	33f968827a10dca7	3	9.38	9.356734	48	pdOPT	-1.3263567797250604e+02	12.1	ok	0	out_main/rows_Asdplib_t2.tsv
expanse-epyc7742	gmp	arch0	174	up_t2	2	0,1	33f968827a10dca7	1	114.64	114.560916	53	pdOPT	5.6651727321592959e-01	35.4	ok	0	out_main/rows_Asdplib_t2.tsv
expanse-epyc7742	gmp	arch0	174	up_t2	2	0,1	33f968827a10dca7	2	114.62	114.552433	53	pdOPT	5.6651727321592959e-01	35.8	ok	0	out_main/rows_Asdplib_t2.tsv
expanse-epyc7742	gmp	arch0	174	up_t2	2	0,1	33f968827a10dca7	3	114.54	114.464026	53	pdOPT	5.6651727321592959e-01	35.4	ok	0	out_main/rows_Asdplib_t2.tsv
expanse-epyc7742	gmp	arch0	174	fork_t2	2	0,1	33f968827a10dca7	1	75.78	75.712211	53	pdOPT	5.6651727321592959e-01	33.4	ok	0	out_main/rows_Asdplib_t2.tsv
expanse-epyc7742	gmp	arch0	174	fork_t2	2	0,1	33f968827a10dca7	2	75.8	75.731261	53	pdOPT	5.6651727321592959e-01	33.4	ok	0	out_main/rows_Asdplib_t2.tsv
expanse-epyc7742	gmp	arch0	174	fork_t2	2	0,1	33f968827a10dca7	3	75.63	75.558099	53	pdOPT	5.6651727321592959e-01	33.4	ok	0	out_main/rows_Asdplib_t2.tsv
expanse-epyc7742	gmp	control1	21	up_t32	32	0,1,2,3,4,5,6,7,8,9,10,11,12,13,14,15,16,17,18,19,20,21,22,23,24,25,26,27,28,29,30,31	33f968827a10dca7	1	0.19	0.192847	46	pdOPT	1.7784626717523405e+01	4.4	ok	0	out_main/rows_Asdplib_t32.tsv
expanse-epyc7742	gmp	control1	21	up_t32	32	0,1,2,3,4,5,6,7,8,9,10,11,12,13,14,15,16,17,18,19,20,21,22,23,24,25,26,27,28,29,30,31	33f968827a10dca7	2	0.19	0.188916	46	pdOPT	1.7784626717523405e+01	4.4	ok	0	out_main/rows_Asdplib_t32.tsv
expanse-epyc7742	gmp	control1	21	up_t32	32	0,1,2,3,4,5,6,7,8,9,10,11,12,13,14,15,16,17,18,19,20,21,22,23,24,25,26,27,28,29,30,31	33f968827a10dca7	3	0.19	0.188037	46	pdOPT	1.7784626717523405e+01	4.4	ok	0	out_main/rows_Asdplib_t32.tsv
expanse-epyc7742	gmp	control1	21	fork_t32	32	0,1,2,3,4,5,6,7,8,9,10,11,12,13,14,15,16,17,18,19,20,21,22,23,24,25,26,27,28,29,30,31	33f968827a10dca7	1	0.22	0.215974	46	pdOPT	1.7784626717523405e+01	4.1	ok	0	out_main/rows_Asdplib_t32.tsv
expanse-epyc7742	gmp	control1	21	fork_t32	32	0,1,2,3,4,5,6,7,8,9,10,11,12,13,14,15,16,17,18,19,20,21,22,23,24,25,26,27,28,29,30,31	33f968827a10dca7	2	0.22	0.218632	46	pdOPT	1.7784626717523405e+01	4.1	ok	0	out_main/rows_Asdplib_t32.tsv
expanse-epyc7742	gmp	control1	21	fork_t32	32	0,1,2,3,4,5,6,7,8,9,10,11,12,13,14,15,16,17,18,19,20,21,22,23,24,25,26,27,28,29,30,31	33f968827a10dca7	3	0.22	0.218042	46	pdOPT	1.7784626717523405e+01	4.1	ok	0	out_main/rows_Asdplib_t32.tsv
expanse-epyc7742	gmp	theta1	104	up_t32	32	0,1,2,3,4,5,6,7,8,9,10,11,12,13,14,15,16,17,18,19,20,21,22,23,24,25,26,27,28,29,30,31	33f968827a10dca7	1	2.21	2.204357	43	pdOPT	2.3000000000000000e+01	8.0	ok	0	out_main/rows_Asdplib_t32.tsv
expanse-epyc7742	gmp	theta1	104	up_t32	32	0,1,2,3,4,5,6,7,8,9,10,11,12,13,14,15,16,17,18,19,20,21,22,23,24,25,26,27,28,29,30,31	33f968827a10dca7	2	2.22	2.210814	43	pdOPT	2.3000000000000000e+01	8.0	ok	0	out_main/rows_Asdplib_t32.tsv
expanse-epyc7742	gmp	theta1	104	up_t32	32	0,1,2,3,4,5,6,7,8,9,10,11,12,13,14,15,16,17,18,19,20,21,22,23,24,25,26,27,28,29,30,31	33f968827a10dca7	3	2.21	2.200755	43	pdOPT	2.3000000000000000e+01	8.0	ok	0	out_main/rows_Asdplib_t32.tsv
expanse-epyc7742	gmp	theta1	104	fork_t32	32	0,1,2,3,4,5,6,7,8,9,10,11,12,13,14,15,16,17,18,19,20,21,22,23,24,25,26,27,28,29,30,31	33f968827a10dca7	1	1.58	1.567410	43	pdOPT	2.3000000000000000e+01	15.2	ok	0	out_main/rows_Asdplib_t32.tsv
expanse-epyc7742	gmp	theta1	104	fork_t32	32	0,1,2,3,4,5,6,7,8,9,10,11,12,13,14,15,16,17,18,19,20,21,22,23,24,25,26,27,28,29,30,31	33f968827a10dca7	2	1.58	1.567650	43	pdOPT	2.3000000000000000e+01	14.3	ok	0	out_main/rows_Asdplib_t32.tsv
expanse-epyc7742	gmp	theta1	104	fork_t32	32	0,1,2,3,4,5,6,7,8,9,10,11,12,13,14,15,16,17,18,19,20,21,22,23,24,25,26,27,28,29,30,31	33f968827a10dca7	3	1.57	1.560761	43	pdOPT	2.3000000000000000e+01	15.1	ok	0	out_main/rows_Asdplib_t32.tsv
expanse-epyc7742	gmp	gpp100	101	up_t32	32	0,1,2,3,4,5,6,7,8,9,10,11,12,13,14,15,16,17,18,19,20,21,22,23,24,25,26,27,28,29,30,31	33f968827a10dca7	1	11.83	11.789418	61	pFEAS	-4.4943550775891146e+01	16.8	ok	0	out_main/rows_Asdplib_t32.tsv
expanse-epyc7742	gmp	gpp100	101	up_t32	32	0,1,2,3,4,5,6,7,8,9,10,11,12,13,14,15,16,17,18,19,20,21,22,23,24,25,26,27,28,29,30,31	33f968827a10dca7	2	11.67	11.625960	61	pFEAS	-4.4943550775891146e+01	16.8	ok	0	out_main/rows_Asdplib_t32.tsv
expanse-epyc7742	gmp	gpp100	101	up_t32	32	0,1,2,3,4,5,6,7,8,9,10,11,12,13,14,15,16,17,18,19,20,21,22,23,24,25,26,27,28,29,30,31	33f968827a10dca7	3	11.67	11.623440	61	pFEAS	-4.4943550775891146e+01	16.8	ok	0	out_main/rows_Asdplib_t32.tsv
expanse-epyc7742	gmp	gpp100	101	fork_t32	32	0,1,2,3,4,5,6,7,8,9,10,11,12,13,14,15,16,17,18,19,20,21,22,23,24,25,26,27,28,29,30,31	33f968827a10dca7	1	7.3	7.261772	61	pFEAS	-4.4943550775891146e+01	16.2	partial	3	out_main/rows_Asdplib_t32.tsv
expanse-epyc7742	gmp	gpp100	101	fork_t32	32	0,1,2,3,4,5,6,7,8,9,10,11,12,13,14,15,16,17,18,19,20,21,22,23,24,25,26,27,28,29,30,31	33f968827a10dca7	2	7.32	7.287002	61	pFEAS	-4.4943550775891146e+01	16.3	partial	3	out_main/rows_Asdplib_t32.tsv
expanse-epyc7742	gmp	gpp100	101	fork_t32	32	0,1,2,3,4,5,6,7,8,9,10,11,12,13,14,15,16,17,18,19,20,21,22,23,24,25,26,27,28,29,30,31	33f968827a10dca7	3	7.31	7.276141	61	pFEAS	-4.4943550775891146e+01	16.2	partial	3	out_main/rows_Asdplib_t32.tsv
expanse-epyc7742	gmp	truss5	208	up_t32	32	0,1,2,3,4,5,6,7,8,9,10,11,12,13,14,15,16,17,18,19,20,21,22,23,24,25,26,27,28,29,30,31	33f968827a10dca7	1	11.96	11.933191	48	pdOPT	-1.3263567797250604e+02	12.5	ok	0	out_main/rows_Asdplib_t32.tsv
expanse-epyc7742	gmp	truss5	208	up_t32	32	0,1,2,3,4,5,6,7,8,9,10,11,12,13,14,15,16,17,18,19,20,21,22,23,24,25,26,27,28,29,30,31	33f968827a10dca7	2	11.97	11.942471	48	pdOPT	-1.3263567797250604e+02	12.5	ok	0	out_main/rows_Asdplib_t32.tsv
expanse-epyc7742	gmp	truss5	208	up_t32	32	0,1,2,3,4,5,6,7,8,9,10,11,12,13,14,15,16,17,18,19,20,21,22,23,24,25,26,27,28,29,30,31	33f968827a10dca7	3	11.95	11.923875	48	pdOPT	-1.3263567797250604e+02	12.5	ok	0	out_main/rows_Asdplib_t32.tsv
expanse-epyc7742	gmp	truss5	208	fork_t32	32	0,1,2,3,4,5,6,7,8,9,10,11,12,13,14,15,16,17,18,19,20,21,22,23,24,25,26,27,28,29,30,31	33f968827a10dca7	1	7.03	7.003441	48	pdOPT	-1.3263567797250604e+02	12.5	ok	0	out_main/rows_Asdplib_t32.tsv
expanse-epyc7742	gmp	truss5	208	fork_t32	32	0,1,2,3,4,5,6,7,8,9,10,11,12,13,14,15,16,17,18,19,20,21,22,23,24,25,26,27,28,29,30,31	33f968827a10dca7	2	7.03	7.006878	48	pdOPT	-1.3263567797250604e+02	12.5	ok	0	out_main/rows_Asdplib_t32.tsv
expanse-epyc7742	gmp	truss5	208	fork_t32	32	0,1,2,3,4,5,6,7,8,9,10,11,12,13,14,15,16,17,18,19,20,21,22,23,24,25,26,27,28,29,30,31	33f968827a10dca7	3	7.02	6.992680	48	pdOPT	-1.3263567797250604e+02	12.6	ok	0	out_main/rows_Asdplib_t32.tsv
expanse-epyc7742	gmp	arch0	174	up_t32	32	0,1,2,3,4,5,6,7,8,9,10,11,12,13,14,15,16,17,18,19,20,21,22,23,24,25,26,27,28,29,30,31	33f968827a10dca7	1	88.5	88.420680	53	pdOPT	5.6651727321592959e-01	35.8	ok	0	out_main/rows_Asdplib_t32.tsv
expanse-epyc7742	gmp	arch0	174	up_t32	32	0,1,2,3,4,5,6,7,8,9,10,11,12,13,14,15,16,17,18,19,20,21,22,23,24,25,26,27,28,29,30,31	33f968827a10dca7	2	88.55	88.470453	53	pdOPT	5.6651727321592959e-01	35.8	ok	0	out_main/rows_Asdplib_t32.tsv
expanse-epyc7742	gmp	arch0	174	up_t32	32	0,1,2,3,4,5,6,7,8,9,10,11,12,13,14,15,16,17,18,19,20,21,22,23,24,25,26,27,28,29,30,31	33f968827a10dca7	3	88.59	88.515575	53	pdOPT	5.6651727321592959e-01	35.7	ok	0	out_main/rows_Asdplib_t32.tsv
expanse-epyc7742	gmp	arch0	174	fork_t32	32	0,1,2,3,4,5,6,7,8,9,10,11,12,13,14,15,16,17,18,19,20,21,22,23,24,25,26,27,28,29,30,31	33f968827a10dca7	1	17.33	17.256004	53	pdOPT	5.6651727321592959e-01	33.8	ok	0	out_main/rows_Asdplib_t32.tsv
expanse-epyc7742	gmp	arch0	174	fork_t32	32	0,1,2,3,4,5,6,7,8,9,10,11,12,13,14,15,16,17,18,19,20,21,22,23,24,25,26,27,28,29,30,31	33f968827a10dca7	2	17.37	17.296306	53	pdOPT	5.6651727321592959e-01	33.8	ok	0	out_main/rows_Asdplib_t32.tsv
expanse-epyc7742	gmp	arch0	174	fork_t32	32	0,1,2,3,4,5,6,7,8,9,10,11,12,13,14,15,16,17,18,19,20,21,22,23,24,25,26,27,28,29,30,31	33f968827a10dca7	3	17.37	17.299639	53	pdOPT	5.6651727321592959e-01	33.8	ok	0	out_main/rows_Asdplib_t32.tsv
expanse-epyc7742	gmp	control1	21	fork_t4	4	0,1,2,3	33f968827a10dca7	1	0.22	0.216774	46	pdOPT	1.7784626717523405e+01	4.2	ok	0	out_main/rows_Asdplib_t4.tsv
expanse-epyc7742	gmp	control1	21	fork_t4	4	0,1,2,3	33f968827a10dca7	2	0.22	0.216127	46	pdOPT	1.7784626717523405e+01	4.2	ok	0	out_main/rows_Asdplib_t4.tsv
expanse-epyc7742	gmp	control1	21	fork_t4	4	0,1,2,3	33f968827a10dca7	3	0.22	0.216409	46	pdOPT	1.7784626717523405e+01	4.2	ok	0	out_main/rows_Asdplib_t4.tsv
expanse-epyc7742	gmp	control1	21	up_t4	4	0,1,2,3	33f968827a10dca7	1	0.18	0.177037	46	pdOPT	1.7784626717523405e+01	4.0	ok	0	out_main/rows_Asdplib_t4.tsv
expanse-epyc7742	gmp	control1	21	up_t4	4	0,1,2,3	33f968827a10dca7	2	0.18	0.176432	46	pdOPT	1.7784626717523405e+01	4.0	ok	0	out_main/rows_Asdplib_t4.tsv
expanse-epyc7742	gmp	control1	21	up_t4	4	0,1,2,3	33f968827a10dca7	3	0.18	0.178068	46	pdOPT	1.7784626717523405e+01	4.0	ok	0	out_main/rows_Asdplib_t4.tsv
expanse-epyc7742	gmp	theta1	104	fork_t4	4	0,1,2,3	33f968827a10dca7	1	1.87	1.859568	43	pdOPT	2.3000000000000000e+01	9.1	ok	0	out_main/rows_Asdplib_t4.tsv
expanse-epyc7742	gmp	theta1	104	fork_t4	4	0,1,2,3	33f968827a10dca7	2	1.87	1.862458	43	pdOPT	2.3000000000000000e+01	9.1	ok	0	out_main/rows_Asdplib_t4.tsv
expanse-epyc7742	gmp	theta1	104	fork_t4	4	0,1,2,3	33f968827a10dca7	3	1.86	1.854366	43	pdOPT	2.3000000000000000e+01	9.1	ok	0	out_main/rows_Asdplib_t4.tsv
expanse-epyc7742	gmp	theta1	104	up_t4	4	0,1,2,3	33f968827a10dca7	1	2.49	2.477264	43	pdOPT	2.3000000000000000e+01	7.7	ok	0	out_main/rows_Asdplib_t4.tsv
expanse-epyc7742	gmp	theta1	104	up_t4	4	0,1,2,3	33f968827a10dca7	2	2.51	2.497608	43	pdOPT	2.3000000000000000e+01	7.7	ok	0	out_main/rows_Asdplib_t4.tsv
expanse-epyc7742	gmp	theta1	104	up_t4	4	0,1,2,3	33f968827a10dca7	3	2.49	2.482179	43	pdOPT	2.3000000000000000e+01	7.7	ok	0	out_main/rows_Asdplib_t4.tsv
expanse-epyc7742	gmp	gpp100	101	fork_t4	4	0,1,2,3	33f968827a10dca7	1	14.35	14.318128	61	pFEAS	-4.4943550775891146e+01	15.9	partial	3	out_main/rows_Asdplib_t4.tsv
expanse-epyc7742	gmp	gpp100	101	fork_t4	4	0,1,2,3	33f968827a10dca7	2	14.35	14.317066	61	pFEAS	-4.4943550775891146e+01	15.9	partial	3	out_main/rows_Asdplib_t4.tsv
expanse-epyc7742	gmp	gpp100	101	fork_t4	4	0,1,2,3	33f968827a10dca7	3	14.3	14.264695	61	pFEAS	-4.4943550775891146e+01	15.9	partial	3	out_main/rows_Asdplib_t4.tsv
expanse-epyc7742	gmp	gpp100	101	up_t4	4	0,1,2,3	33f968827a10dca7	1	18.15	18.109101	61	pFEAS	-4.4943550775891146e+01	16.6	ok	0	out_main/rows_Asdplib_t4.tsv
expanse-epyc7742	gmp	gpp100	101	up_t4	4	0,1,2,3	33f968827a10dca7	2	17.97	17.932240	61	pFEAS	-4.4943550775891146e+01	16.6	ok	0	out_main/rows_Asdplib_t4.tsv
expanse-epyc7742	gmp	gpp100	101	up_t4	4	0,1,2,3	33f968827a10dca7	3	18.11	18.068154	61	pFEAS	-4.4943550775891146e+01	16.6	ok	0	out_main/rows_Asdplib_t4.tsv
expanse-epyc7742	gmp	truss5	208	fork_t4	4	0,1,2,3	33f968827a10dca7	1	8.06	8.030251	48	pdOPT	-1.3263567797250604e+02	12.1	ok	0	out_main/rows_Asdplib_t4.tsv
expanse-epyc7742	gmp	truss5	208	fork_t4	4	0,1,2,3	33f968827a10dca7	2	8.06	8.032466	48	pdOPT	-1.3263567797250604e+02	12.1	ok	0	out_main/rows_Asdplib_t4.tsv
expanse-epyc7742	gmp	truss5	208	fork_t4	4	0,1,2,3	33f968827a10dca7	3	8	7.980375	48	pdOPT	-1.3263567797250604e+02	11.8	ok	0	out_main/rows_Asdplib_t4.tsv
expanse-epyc7742	gmp	truss5	208	up_t4	4	0,1,2,3	33f968827a10dca7	1	11.87	11.840908	48	pdOPT	-1.3263567797250604e+02	12.2	ok	0	out_main/rows_Asdplib_t4.tsv
expanse-epyc7742	gmp	truss5	208	up_t4	4	0,1,2,3	33f968827a10dca7	2	11.86	11.837388	48	pdOPT	-1.3263567797250604e+02	12.2	ok	0	out_main/rows_Asdplib_t4.tsv
expanse-epyc7742	gmp	truss5	208	up_t4	4	0,1,2,3	33f968827a10dca7	3	11.86	11.835217	48	pdOPT	-1.3263567797250604e+02	12.2	ok	0	out_main/rows_Asdplib_t4.tsv
expanse-epyc7742	gmp	arch0	174	fork_t4	4	0,1,2,3	33f968827a10dca7	1	44.76	44.695212	53	pdOPT	5.6651727321592959e-01	33.4	ok	0	out_main/rows_Asdplib_t4.tsv
expanse-epyc7742	gmp	arch0	174	fork_t4	4	0,1,2,3	33f968827a10dca7	2	44.72	44.648119	53	pdOPT	5.6651727321592959e-01	33.4	ok	0	out_main/rows_Asdplib_t4.tsv
expanse-epyc7742	gmp	arch0	174	fork_t4	4	0,1,2,3	33f968827a10dca7	3	44.72	44.651434	53	pdOPT	5.6651727321592959e-01	33.4	ok	0	out_main/rows_Asdplib_t4.tsv
expanse-epyc7742	gmp	arch0	174	up_t4	4	0,1,2,3	33f968827a10dca7	1	100.83	100.756606	53	pdOPT	5.6651727321592959e-01	35.4	ok	0	out_main/rows_Asdplib_t4.tsv
expanse-epyc7742	gmp	arch0	174	up_t4	4	0,1,2,3	33f968827a10dca7	2	101.32	101.247182	53	pdOPT	5.6651727321592959e-01	35.4	ok	0	out_main/rows_Asdplib_t4.tsv
expanse-epyc7742	gmp	arch0	174	up_t4	4	0,1,2,3	33f968827a10dca7	3	100.9	100.828063	53	pdOPT	5.6651727321592959e-01	35.4	ok	0	out_main/rows_Asdplib_t4.tsv
expanse-epyc7742	gmp	control1	21	fork_t64	64	0,1,2,3,4,5,6,7,8,9,10,11,12,13,14,15,16,17,18,19,20,21,22,23,24,25,26,27,28,29,30,31,32,33,34,35,36,37,38,39,40,41,42,43,44,45,46,47,48,49,50,51,52,53,54,55,56,57,58,59,60,61,62,63	33f968827a10dca7	1	0.22	0.215413	46	pdOPT	1.7784626717523405e+01	4.1	ok	0	out_main/rows_Asdplib_t64.tsv
expanse-epyc7742	gmp	control1	21	fork_t64	64	0,1,2,3,4,5,6,7,8,9,10,11,12,13,14,15,16,17,18,19,20,21,22,23,24,25,26,27,28,29,30,31,32,33,34,35,36,37,38,39,40,41,42,43,44,45,46,47,48,49,50,51,52,53,54,55,56,57,58,59,60,61,62,63	33f968827a10dca7	2	0.22	0.216425	46	pdOPT	1.7784626717523405e+01	4.1	ok	0	out_main/rows_Asdplib_t64.tsv
expanse-epyc7742	gmp	control1	21	fork_t64	64	0,1,2,3,4,5,6,7,8,9,10,11,12,13,14,15,16,17,18,19,20,21,22,23,24,25,26,27,28,29,30,31,32,33,34,35,36,37,38,39,40,41,42,43,44,45,46,47,48,49,50,51,52,53,54,55,56,57,58,59,60,61,62,63	33f968827a10dca7	3	0.22	0.215790	46	pdOPT	1.7784626717523405e+01	4.1	ok	0	out_main/rows_Asdplib_t64.tsv
expanse-epyc7742	gmp	control1	21	up_t64	64	0,1,2,3,4,5,6,7,8,9,10,11,12,13,14,15,16,17,18,19,20,21,22,23,24,25,26,27,28,29,30,31,32,33,34,35,36,37,38,39,40,41,42,43,44,45,46,47,48,49,50,51,52,53,54,55,56,57,58,59,60,61,62,63	33f968827a10dca7	1	0.21	0.207581	46	pdOPT	1.7784626717523405e+01	5.2	ok	0	out_main/rows_Asdplib_t64.tsv
expanse-epyc7742	gmp	control1	21	up_t64	64	0,1,2,3,4,5,6,7,8,9,10,11,12,13,14,15,16,17,18,19,20,21,22,23,24,25,26,27,28,29,30,31,32,33,34,35,36,37,38,39,40,41,42,43,44,45,46,47,48,49,50,51,52,53,54,55,56,57,58,59,60,61,62,63	33f968827a10dca7	2	0.31	0.307484	46	pdOPT	1.7784626717523405e+01	5.1	ok	0	out_main/rows_Asdplib_t64.tsv
expanse-epyc7742	gmp	control1	21	up_t64	64	0,1,2,3,4,5,6,7,8,9,10,11,12,13,14,15,16,17,18,19,20,21,22,23,24,25,26,27,28,29,30,31,32,33,34,35,36,37,38,39,40,41,42,43,44,45,46,47,48,49,50,51,52,53,54,55,56,57,58,59,60,61,62,63	33f968827a10dca7	3	0.25	0.245912	46	pdOPT	1.7784626717523405e+01	5.1	ok	0	out_main/rows_Asdplib_t64.tsv
expanse-epyc7742	gmp	theta1	104	fork_t64	64	0,1,2,3,4,5,6,7,8,9,10,11,12,13,14,15,16,17,18,19,20,21,22,23,24,25,26,27,28,29,30,31,32,33,34,35,36,37,38,39,40,41,42,43,44,45,46,47,48,49,50,51,52,53,54,55,56,57,58,59,60,61,62,63	33f968827a10dca7	1	1.58	1.567520	43	pdOPT	2.3000000000000000e+01	16.6	ok	0	out_main/rows_Asdplib_t64.tsv
expanse-epyc7742	gmp	theta1	104	fork_t64	64	0,1,2,3,4,5,6,7,8,9,10,11,12,13,14,15,16,17,18,19,20,21,22,23,24,25,26,27,28,29,30,31,32,33,34,35,36,37,38,39,40,41,42,43,44,45,46,47,48,49,50,51,52,53,54,55,56,57,58,59,60,61,62,63	33f968827a10dca7	2	1.58	1.566867	43	pdOPT	2.3000000000000000e+01	17.9	ok	0	out_main/rows_Asdplib_t64.tsv
expanse-epyc7742	gmp	theta1	104	fork_t64	64	0,1,2,3,4,5,6,7,8,9,10,11,12,13,14,15,16,17,18,19,20,21,22,23,24,25,26,27,28,29,30,31,32,33,34,35,36,37,38,39,40,41,42,43,44,45,46,47,48,49,50,51,52,53,54,55,56,57,58,59,60,61,62,63	33f968827a10dca7	3	1.58	1.566993	43	pdOPT	2.3000000000000000e+01	15.8	ok	0	out_main/rows_Asdplib_t64.tsv
expanse-epyc7742	gmp	theta1	104	up_t64	64	0,1,2,3,4,5,6,7,8,9,10,11,12,13,14,15,16,17,18,19,20,21,22,23,24,25,26,27,28,29,30,31,32,33,34,35,36,37,38,39,40,41,42,43,44,45,46,47,48,49,50,51,52,53,54,55,56,57,58,59,60,61,62,63	33f968827a10dca7	1	2.2	2.185079	43	pdOPT	2.3000000000000000e+01	8.7	ok	0	out_main/rows_Asdplib_t64.tsv
expanse-epyc7742	gmp	theta1	104	up_t64	64	0,1,2,3,4,5,6,7,8,9,10,11,12,13,14,15,16,17,18,19,20,21,22,23,24,25,26,27,28,29,30,31,32,33,34,35,36,37,38,39,40,41,42,43,44,45,46,47,48,49,50,51,52,53,54,55,56,57,58,59,60,61,62,63	33f968827a10dca7	2	2.22	2.205081	43	pdOPT	2.3000000000000000e+01	8.6	ok	0	out_main/rows_Asdplib_t64.tsv
expanse-epyc7742	gmp	theta1	104	up_t64	64	0,1,2,3,4,5,6,7,8,9,10,11,12,13,14,15,16,17,18,19,20,21,22,23,24,25,26,27,28,29,30,31,32,33,34,35,36,37,38,39,40,41,42,43,44,45,46,47,48,49,50,51,52,53,54,55,56,57,58,59,60,61,62,63	33f968827a10dca7	3	2.2	2.188525	43	pdOPT	2.3000000000000000e+01	8.5	ok	0	out_main/rows_Asdplib_t64.tsv
expanse-epyc7742	gmp	gpp100	101	fork_t64	64	0,1,2,3,4,5,6,7,8,9,10,11,12,13,14,15,16,17,18,19,20,21,22,23,24,25,26,27,28,29,30,31,32,33,34,35,36,37,38,39,40,41,42,43,44,45,46,47,48,49,50,51,52,53,54,55,56,57,58,59,60,61,62,63	33f968827a10dca7	1	6.89	6.849930	61	pFEAS	-4.4943550775891146e+01	16.9	partial	3	out_main/rows_Asdplib_t64.tsv
expanse-epyc7742	gmp	gpp100	101	fork_t64	64	0,1,2,3,4,5,6,7,8,9,10,11,12,13,14,15,16,17,18,19,20,21,22,23,24,25,26,27,28,29,30,31,32,33,34,35,36,37,38,39,40,41,42,43,44,45,46,47,48,49,50,51,52,53,54,55,56,57,58,59,60,61,62,63	33f968827a10dca7	2	6.93	6.887733	61	pFEAS	-4.4943550775891146e+01	16.4	partial	3	out_main/rows_Asdplib_t64.tsv
expanse-epyc7742	gmp	gpp100	101	fork_t64	64	0,1,2,3,4,5,6,7,8,9,10,11,12,13,14,15,16,17,18,19,20,21,22,23,24,25,26,27,28,29,30,31,32,33,34,35,36,37,38,39,40,41,42,43,44,45,46,47,48,49,50,51,52,53,54,55,56,57,58,59,60,61,62,63	33f968827a10dca7	3	6.87	6.832689	61	pFEAS	-4.4943550775891146e+01	17.0	partial	3	out_main/rows_Asdplib_t64.tsv
expanse-epyc7742	gmp	gpp100	101	up_t64	64	0,1,2,3,4,5,6,7,8,9,10,11,12,13,14,15,16,17,18,19,20,21,22,23,24,25,26,27,28,29,30,31,32,33,34,35,36,37,38,39,40,41,42,43,44,45,46,47,48,49,50,51,52,53,54,55,56,57,58,59,60,61,62,63	33f968827a10dca7	1	11.23	11.184506	61	pFEAS	-4.4943550775891146e+01	17.1	ok	0	out_main/rows_Asdplib_t64.tsv
expanse-epyc7742	gmp	gpp100	101	up_t64	64	0,1,2,3,4,5,6,7,8,9,10,11,12,13,14,15,16,17,18,19,20,21,22,23,24,25,26,27,28,29,30,31,32,33,34,35,36,37,38,39,40,41,42,43,44,45,46,47,48,49,50,51,52,53,54,55,56,57,58,59,60,61,62,63	33f968827a10dca7	2	11.41	11.363747	61	pFEAS	-4.4943550775891146e+01	17.1	ok	0	out_main/rows_Asdplib_t64.tsv
expanse-epyc7742	gmp	gpp100	101	up_t64	64	0,1,2,3,4,5,6,7,8,9,10,11,12,13,14,15,16,17,18,19,20,21,22,23,24,25,26,27,28,29,30,31,32,33,34,35,36,37,38,39,40,41,42,43,44,45,46,47,48,49,50,51,52,53,54,55,56,57,58,59,60,61,62,63	33f968827a10dca7	3	11.37	11.319891	61	pFEAS	-4.4943550775891146e+01	17.1	ok	0	out_main/rows_Asdplib_t64.tsv
expanse-epyc7742	gmp	truss5	208	fork_t64	64	0,1,2,3,4,5,6,7,8,9,10,11,12,13,14,15,16,17,18,19,20,21,22,23,24,25,26,27,28,29,30,31,32,33,34,35,36,37,38,39,40,41,42,43,44,45,46,47,48,49,50,51,52,53,54,55,56,57,58,59,60,61,62,63	33f968827a10dca7	1	7.01	6.980148	48	pdOPT	-1.3263567797250604e+02	13.1	ok	0	out_main/rows_Asdplib_t64.tsv
expanse-epyc7742	gmp	truss5	208	fork_t64	64	0,1,2,3,4,5,6,7,8,9,10,11,12,13,14,15,16,17,18,19,20,21,22,23,24,25,26,27,28,29,30,31,32,33,34,35,36,37,38,39,40,41,42,43,44,45,46,47,48,49,50,51,52,53,54,55,56,57,58,59,60,61,62,63	33f968827a10dca7	2	6.99	6.960332	48	pdOPT	-1.3263567797250604e+02	13.1	ok	0	out_main/rows_Asdplib_t64.tsv
expanse-epyc7742	gmp	truss5	208	fork_t64	64	0,1,2,3,4,5,6,7,8,9,10,11,12,13,14,15,16,17,18,19,20,21,22,23,24,25,26,27,28,29,30,31,32,33,34,35,36,37,38,39,40,41,42,43,44,45,46,47,48,49,50,51,52,53,54,55,56,57,58,59,60,61,62,63	33f968827a10dca7	3	7.03	7.002609	48	pdOPT	-1.3263567797250604e+02	13.2	ok	0	out_main/rows_Asdplib_t64.tsv
expanse-epyc7742	gmp	truss5	208	up_t64	64	0,1,2,3,4,5,6,7,8,9,10,11,12,13,14,15,16,17,18,19,20,21,22,23,24,25,26,27,28,29,30,31,32,33,34,35,36,37,38,39,40,41,42,43,44,45,46,47,48,49,50,51,52,53,54,55,56,57,58,59,60,61,62,63	33f968827a10dca7	1	12.18	12.150779	48	pdOPT	-1.3263567797250604e+02	12.8	ok	0	out_main/rows_Asdplib_t64.tsv
expanse-epyc7742	gmp	truss5	208	up_t64	64	0,1,2,3,4,5,6,7,8,9,10,11,12,13,14,15,16,17,18,19,20,21,22,23,24,25,26,27,28,29,30,31,32,33,34,35,36,37,38,39,40,41,42,43,44,45,46,47,48,49,50,51,52,53,54,55,56,57,58,59,60,61,62,63	33f968827a10dca7	2	12.16	12.127195	48	pdOPT	-1.3263567797250604e+02	12.7	ok	0	out_main/rows_Asdplib_t64.tsv
expanse-epyc7742	gmp	truss5	208	up_t64	64	0,1,2,3,4,5,6,7,8,9,10,11,12,13,14,15,16,17,18,19,20,21,22,23,24,25,26,27,28,29,30,31,32,33,34,35,36,37,38,39,40,41,42,43,44,45,46,47,48,49,50,51,52,53,54,55,56,57,58,59,60,61,62,63	33f968827a10dca7	3	12.16	12.130235	48	pdOPT	-1.3263567797250604e+02	13.1	ok	0	out_main/rows_Asdplib_t64.tsv
expanse-epyc7742	gmp	arch0	174	fork_t64	64	0,1,2,3,4,5,6,7,8,9,10,11,12,13,14,15,16,17,18,19,20,21,22,23,24,25,26,27,28,29,30,31,32,33,34,35,36,37,38,39,40,41,42,43,44,45,46,47,48,49,50,51,52,53,54,55,56,57,58,59,60,61,62,63	33f968827a10dca7	1	15.78	15.698964	53	pdOPT	5.6651727321592959e-01	34.5	ok	0	out_main/rows_Asdplib_t64.tsv
expanse-epyc7742	gmp	arch0	174	fork_t64	64	0,1,2,3,4,5,6,7,8,9,10,11,12,13,14,15,16,17,18,19,20,21,22,23,24,25,26,27,28,29,30,31,32,33,34,35,36,37,38,39,40,41,42,43,44,45,46,47,48,49,50,51,52,53,54,55,56,57,58,59,60,61,62,63	33f968827a10dca7	2	15.63	15.549896	53	pdOPT	5.6651727321592959e-01	34.3	ok	0	out_main/rows_Asdplib_t64.tsv
expanse-epyc7742	gmp	arch0	174	fork_t64	64	0,1,2,3,4,5,6,7,8,9,10,11,12,13,14,15,16,17,18,19,20,21,22,23,24,25,26,27,28,29,30,31,32,33,34,35,36,37,38,39,40,41,42,43,44,45,46,47,48,49,50,51,52,53,54,55,56,57,58,59,60,61,62,63	33f968827a10dca7	3	15.78	15.699132	53	pdOPT	5.6651727321592959e-01	34.5	ok	0	out_main/rows_Asdplib_t64.tsv
expanse-epyc7742	gmp	arch0	174	up_t64	64	0,1,2,3,4,5,6,7,8,9,10,11,12,13,14,15,16,17,18,19,20,21,22,23,24,25,26,27,28,29,30,31,32,33,34,35,36,37,38,39,40,41,42,43,44,45,46,47,48,49,50,51,52,53,54,55,56,57,58,59,60,61,62,63	33f968827a10dca7	1	87.67	87.597251	53	pdOPT	5.6651727321592959e-01	36.6	ok	0	out_main/rows_Asdplib_t64.tsv
expanse-epyc7742	gmp	arch0	174	up_t64	64	0,1,2,3,4,5,6,7,8,9,10,11,12,13,14,15,16,17,18,19,20,21,22,23,24,25,26,27,28,29,30,31,32,33,34,35,36,37,38,39,40,41,42,43,44,45,46,47,48,49,50,51,52,53,54,55,56,57,58,59,60,61,62,63	33f968827a10dca7	2	88.02	87.940966	53	pdOPT	5.6651727321592959e-01	36.4	ok	0	out_main/rows_Asdplib_t64.tsv
expanse-epyc7742	gmp	arch0	174	up_t64	64	0,1,2,3,4,5,6,7,8,9,10,11,12,13,14,15,16,17,18,19,20,21,22,23,24,25,26,27,28,29,30,31,32,33,34,35,36,37,38,39,40,41,42,43,44,45,46,47,48,49,50,51,52,53,54,55,56,57,58,59,60,61,62,63	33f968827a10dca7	3	87.95	87.866562	53	pdOPT	5.6651727321592959e-01	36.2	ok	0	out_main/rows_Asdplib_t64.tsv
expanse-epyc7742	gmp	control1	21	up_t8	8	0,1,2,3,4,5,6,7	33f968827a10dca7	1	0.18	0.184184	46	pdOPT	1.7784626717523405e+01	4.1	ok	0	out_main/rows_Asdplib_t8.tsv
expanse-epyc7742	gmp	control1	21	up_t8	8	0,1,2,3,4,5,6,7	33f968827a10dca7	2	0.19	0.185620	46	pdOPT	1.7784626717523405e+01	4.1	ok	0	out_main/rows_Asdplib_t8.tsv
expanse-epyc7742	gmp	control1	21	up_t8	8	0,1,2,3,4,5,6,7	33f968827a10dca7	3	0.18	0.184630	46	pdOPT	1.7784626717523405e+01	4.1	ok	0	out_main/rows_Asdplib_t8.tsv
expanse-epyc7742	gmp	control1	21	fork_t8	8	0,1,2,3,4,5,6,7	33f968827a10dca7	1	0.22	0.218613	46	pdOPT	1.7784626717523405e+01	4.2	ok	0	out_main/rows_Asdplib_t8.tsv
expanse-epyc7742	gmp	control1	21	fork_t8	8	0,1,2,3,4,5,6,7	33f968827a10dca7	2	0.22	0.219175	46	pdOPT	1.7784626717523405e+01	4.2	ok	0	out_main/rows_Asdplib_t8.tsv
expanse-epyc7742	gmp	control1	21	fork_t8	8	0,1,2,3,4,5,6,7	33f968827a10dca7	3	0.22	0.218065	46	pdOPT	1.7784626717523405e+01	4.2	ok	0	out_main/rows_Asdplib_t8.tsv
expanse-epyc7742	gmp	theta1	104	up_t8	8	0,1,2,3,4,5,6,7	33f968827a10dca7	1	2.36	2.349470	43	pdOPT	2.3000000000000000e+01	7.8	ok	0	out_main/rows_Asdplib_t8.tsv
expanse-epyc7742	gmp	theta1	104	up_t8	8	0,1,2,3,4,5,6,7	33f968827a10dca7	2	2.37	2.357573	43	pdOPT	2.3000000000000000e+01	7.8	ok	0	out_main/rows_Asdplib_t8.tsv
expanse-epyc7742	gmp	theta1	104	up_t8	8	0,1,2,3,4,5,6,7	33f968827a10dca7	3	2.37	2.363807	43	pdOPT	2.3000000000000000e+01	7.8	ok	0	out_main/rows_Asdplib_t8.tsv
expanse-epyc7742	gmp	theta1	104	fork_t8	8	0,1,2,3,4,5,6,7	33f968827a10dca7	1	1.73	1.717429	43	pdOPT	2.3000000000000000e+01	10.8	ok	0	out_main/rows_Asdplib_t8.tsv
expanse-epyc7742	gmp	theta1	104	fork_t8	8	0,1,2,3,4,5,6,7	33f968827a10dca7	2	1.72	1.714826	43	pdOPT	2.3000000000000000e+01	10.8	ok	0	out_main/rows_Asdplib_t8.tsv
expanse-epyc7742	gmp	theta1	104	fork_t8	8	0,1,2,3,4,5,6,7	33f968827a10dca7	3	1.71	1.705290	43	pdOPT	2.3000000000000000e+01	10.4	ok	0	out_main/rows_Asdplib_t8.tsv
expanse-epyc7742	gmp	gpp100	101	up_t8	8	0,1,2,3,4,5,6,7	33f968827a10dca7	1	14.45	14.409443	61	pFEAS	-4.4943550775891146e+01	16.6	ok	0	out_main/rows_Asdplib_t8.tsv
expanse-epyc7742	gmp	gpp100	101	up_t8	8	0,1,2,3,4,5,6,7	33f968827a10dca7	2	14.52	14.479576	61	pFEAS	-4.4943550775891146e+01	16.6	ok	0	out_main/rows_Asdplib_t8.tsv
expanse-epyc7742	gmp	gpp100	101	up_t8	8	0,1,2,3,4,5,6,7	33f968827a10dca7	3	14.49	14.450377	61	pFEAS	-4.4943550775891146e+01	18.3	ok	0	out_main/rows_Asdplib_t8.tsv
expanse-epyc7742	gmp	gpp100	101	fork_t8	8	0,1,2,3,4,5,6,7	33f968827a10dca7	1	10.43	10.395922	61	pFEAS	-4.4943550775891146e+01	16.0	partial	3	out_main/rows_Asdplib_t8.tsv
expanse-epyc7742	gmp	gpp100	101	fork_t8	8	0,1,2,3,4,5,6,7	33f968827a10dca7	2	10.39	10.352797	61	pFEAS	-4.4943550775891146e+01	16.0	partial	3	out_main/rows_Asdplib_t8.tsv
expanse-epyc7742	gmp	gpp100	101	fork_t8	8	0,1,2,3,4,5,6,7	33f968827a10dca7	3	10.41	10.375170	61	pFEAS	-4.4943550775891146e+01	16.0	partial	3	out_main/rows_Asdplib_t8.tsv
expanse-epyc7742	gmp	truss5	208	up_t8	8	0,1,2,3,4,5,6,7	33f968827a10dca7	1	12.02	11.989925	48	pdOPT	-1.3263567797250604e+02	12.2	ok	0	out_main/rows_Asdplib_t8.tsv
expanse-epyc7742	gmp	truss5	208	up_t8	8	0,1,2,3,4,5,6,7	33f968827a10dca7	2	11.99	11.962503	48	pdOPT	-1.3263567797250604e+02	12.2	ok	0	out_main/rows_Asdplib_t8.tsv
expanse-epyc7742	gmp	truss5	208	up_t8	8	0,1,2,3,4,5,6,7	33f968827a10dca7	3	11.97	11.939581	48	pdOPT	-1.3263567797250604e+02	12.2	ok	0	out_main/rows_Asdplib_t8.tsv
expanse-epyc7742	gmp	truss5	208	fork_t8	8	0,1,2,3,4,5,6,7	33f968827a10dca7	1	7.58	7.550233	48	pdOPT	-1.3263567797250604e+02	12.1	ok	0	out_main/rows_Asdplib_t8.tsv
expanse-epyc7742	gmp	truss5	208	fork_t8	8	0,1,2,3,4,5,6,7	33f968827a10dca7	2	7.53	7.500033	48	pdOPT	-1.3263567797250604e+02	12.1	ok	0	out_main/rows_Asdplib_t8.tsv
expanse-epyc7742	gmp	truss5	208	fork_t8	8	0,1,2,3,4,5,6,7	33f968827a10dca7	3	7.57	7.543477	48	pdOPT	-1.3263567797250604e+02	12.1	ok	0	out_main/rows_Asdplib_t8.tsv
expanse-epyc7742	gmp	arch0	174	up_t8	8	0,1,2,3,4,5,6,7	33f968827a10dca7	1	94.12	94.045615	53	pdOPT	5.6651727321592959e-01	35.4	ok	0	out_main/rows_Asdplib_t8.tsv
expanse-epyc7742	gmp	arch0	174	up_t8	8	0,1,2,3,4,5,6,7	33f968827a10dca7	2	94.26	94.187288	53	pdOPT	5.6651727321592959e-01	35.4	ok	0	out_main/rows_Asdplib_t8.tsv
expanse-epyc7742	gmp	arch0	174	up_t8	8	0,1,2,3,4,5,6,7	33f968827a10dca7	3	94.05	93.977304	53	pdOPT	5.6651727321592959e-01	35.4	ok	0	out_main/rows_Asdplib_t8.tsv
expanse-epyc7742	gmp	arch0	174	fork_t8	8	0,1,2,3,4,5,6,7	33f968827a10dca7	1	29.07	28.998908	53	pdOPT	5.6651727321592959e-01	33.5	ok	0	out_main/rows_Asdplib_t8.tsv
expanse-epyc7742	gmp	arch0	174	fork_t8	8	0,1,2,3,4,5,6,7	33f968827a10dca7	2	29.1	29.027994	53	pdOPT	5.6651727321592959e-01	33.5	ok	0	out_main/rows_Asdplib_t8.tsv
expanse-epyc7742	gmp	arch0	174	fork_t8	8	0,1,2,3,4,5,6,7	33f968827a10dca7	3	29.07	29.002865	53	pdOPT	5.6651727321592959e-01	33.5	ok	0	out_main/rows_Asdplib_t8.tsv
expanse-epyc7742	gmp	12_min	330	up_t64	64	0,1,2,3,4,5,6,7,8,9,10,11,12,13,14,15,16,17,18,19,20,21,22,23,24,25,26,27,28,29,30,31,32,33,34,35,36,37,38,39,40,41,42,43,44,45,46,47,48,49,50,51,52,53,54,55,56,57,58,59,60,61,62,63	e3e82d8dfcd9b7c3	1	1913.53	1908.286236	78	pdOPT	-4.7236425487823241e-01	128.5	ok	0	out_up/rows_H_12_min_t64.tsv
expanse-epyc7742	gmp	dE3	6067	up_t64	64	0,1,2,3,4,5,6,7,8,9,10,11,12,13,14,15,16,17,18,19,20,21,22,23,24,25,26,27,28,29,30,31,32,33,34,35,36,37,38,39,40,41,42,43,44,45,46,47,48,49,50,51,52,53,54,55,56,57,58,59,60,61,62,63	3859004693f5546f	1	-	-	-	-	-	-	timeout	124	out_up/rows_H_dE3_t64.tsv
expanse-epyc7742	gmp	dE4	7401	up_t64	64	0,1,2,3,4,5,6,7,8,9,10,11,12,13,14,15,16,17,18,19,20,21,22,23,24,25,26,27,28,29,30,31,32,33,34,35,36,37,38,39,40,41,42,43,44,45,46,47,48,49,50,51,52,53,54,55,56,57,58,59,60,61,62,63	3859004693f5546f	1	-	-	-	-	-	-	timeout	124	out_up/rows_H_dE4_t64.tsv
expanse-epyc7742	gmp	12_min	330	up_t1	1	0	e3e82d8dfcd9b7c3	1	3964	3958.874399	78	pdOPT	-4.7236425487823241e-01	126.6	ok	0	out_up12/rows_H_12_min_t1.tsv
expanse-epyc7742	gmp	12_min	330	up_t128	128	0,1,2,3,4,5,6,7,8,9,10,11,12,13,14,15,16,17,18,19,20,21,22,23,24,25,26,27,28,29,30,31,32,33,34,35,36,37,38,39,40,41,42,43,44,45,46,47,48,49,50,51,52,53,54,55,56,57,58,59,60,61,62,63,64,65,66,67,68,69,70,71,72,73,74,75,76,77,78,79,80,81,82,83,84,85,86,87,88,89,90,91,92,93,94,95,96,97,98,99,100,101,102,103,104,105,106,107,108,109,110,111,112,113,114,115,116,117,118,119,120,121,122,123,124,125,126,127	e3e82d8dfcd9b7c3	1	1956.32	1951.114563	78	pdOPT	-4.7236425487823241e-01	130.1	ok	0	out_up12/rows_H_12_min_t128.tsv
expanse-epyc7742	gmp	12_min	330	up_t16	16	0,1,2,3,4,5,6,7,8,9,10,11,12,13,14,15	e3e82d8dfcd9b7c3	1	1991.67	1986.456618	78	pdOPT	-4.7236425487823241e-01	127.9	ok	0	out_up12/rows_H_12_min_t16.tsv
expanse-epyc7742	gmp	12_min	330	up_t2	2	0,1	e3e82d8dfcd9b7c3	1	2920.76	2915.617568	78	pdOPT	-4.7236425487823241e-01	127.7	ok	0	out_up12/rows_H_12_min_t2.tsv
expanse-epyc7742	gmp	12_min	330	up_t32	32	0,1,2,3,4,5,6,7,8,9,10,11,12,13,14,15,16,17,18,19,20,21,22,23,24,25,26,27,28,29,30,31	e3e82d8dfcd9b7c3	1	1931.01	1925.045379	78	pdOPT	-4.7236425487823241e-01	128.2	ok	0	out_up12/rows_H_12_min_t32.tsv
expanse-epyc7742	gmp	12_min	330	up_t4	4	0,1,2,3	e3e82d8dfcd9b7c3	1	2359.78	2354.594713	78	pdOPT	-4.7236425487823241e-01	127.7	ok	0	out_up12/rows_H_12_min_t4.tsv
expanse-epyc7742	gmp	12_min	330	up_t64	64	0,1,2,3,4,5,6,7,8,9,10,11,12,13,14,15,16,17,18,19,20,21,22,23,24,25,26,27,28,29,30,31,32,33,34,35,36,37,38,39,40,41,42,43,44,45,46,47,48,49,50,51,52,53,54,55,56,57,58,59,60,61,62,63	e3e82d8dfcd9b7c3	1	1921.5	1916.337692	78	pdOPT	-4.7236425487823241e-01	128.7	ok	0	out_up12/rows_H_12_min_t64.tsv
expanse-epyc7742	gmp	12_min	330	up_t8	8	0,1,2,3,4,5,6,7	e3e82d8dfcd9b7c3	1	2108.66	2103.395108	78	pdOPT	-4.7236425487823241e-01	127.8	ok	0	out_up12/rows_H_12_min_t8.tsv
