machine	backend	problem	m	config	threads	cpuset	repeat	wall_s	mainloop_s	iters	obj	peak_rss_MB	status
thanos-epyc7232p	gmp-200bit	control1	21	pristine1	1	0	1	0.43	0.421530	46	1.7784626717523405e+01	11.8	ok
thanos-epyc7232p	gmp-200bit	control1	21	pristine1	1	0	2	0.44	0.431586	46	1.7784626717523405e+01	11.7	ok
thanos-epyc7232p	gmp-200bit	control1	21	pristine1	1	0	3	0.43	0.418007	46	1.7784626717523405e+01	11.7	ok
thanos-epyc7232p	gmp-200bit	control1	21	pristine8	8	0-7	1	0.37	0.360126	46	1.7784626717523405e+01	11.6	ok
thanos-epyc7232p	gmp-200bit	control1	21	pristine8	8	0-7	2	0.34	0.338086	46	1.7784626717523405e+01	11.8	ok
thanos-epyc7232p	gmp-200bit	control1	21	pristine8	8	0-7	3	0.29	0.282820	46	1.7784626717523405e+01	11.6	ok
thanos-epyc7232p	gmp-200bit	control1	21	hardened1	1	0	1	0.25	0.243048	46	1.7784626717523405e+01	11.8	ok
thanos-epyc7232p	gmp-200bit	control1	21	hardened1	1	0	2	0.24	0.235627	46	1.7784626717523405e+01	11.6	ok
thanos-epyc7232p	gmp-200bit	control1	21	hardened1	1	0	3	0.23	0.230083	46	1.7784626717523405e+01	11.8	ok
thanos-epyc7232p	gmp-200bit	control1	21	hardened4	4	0-3	1	0.24	0.237065	46	1.7784626717523405e+01	11.6	ok
thanos-epyc7232p	gmp-200bit	control1	21	hardened4	4	0-3	2	0.25	0.240283	46	1.7784626717523405e+01	11.4	ok
thanos-epyc7232p	gmp-200bit	control1	21	hardened4	4	0-3	3	0.24	0.230970	46	1.7784626717523405e+01	11.6	ok
thanos-epyc7232p	gmp-200bit	control1	21	hardened8	8	0-7	1	0.24	0.236653	46	1.7784626717523405e+01	11.6	ok
thanos-epyc7232p	gmp-200bit	control1	21	hardened8	8	0-7	2	0.24	0.230622	46	1.7784626717523405e+01	11.8	ok
thanos-epyc7232p	gmp-200bit	control1	21	hardened8	8	0-7	3	0.24	0.233454	46	1.7784626717523405e+01	11.7	ok
thanos-epyc7232p	gmp-200bit	theta1	104	pristine1	1	0	1	3.89	3.870510	43	2.3000000000000000e+01	11.8	ok
thanos-epyc7232p	gmp-200bit	theta1	104	pristine1	1	0	2	3.92	3.904532	43	2.3000000000000000e+01	11.7	ok
thanos-epyc7232p	gmp-200bit	theta1	104	pristine1	1	0	3	3.93	3.912137	43	2.3000000000000000e+01	11.7	ok
thanos-epyc7232p	gmp-200bit	theta1	104	pristine8	8	0-7	1	2.97	2.949853	43	2.3000000000000000e+01	11.6	ok
thanos-epyc7232p	gmp-200bit	theta1	104	pristine8	8	0-7	2	2.94	2.925215	43	2.3000000000000000e+01	11.7	ok
thanos-epyc7232p	gmp-200bit	theta1	104	pristine8	8	0-7	3	3.01	2.993500	43	2.3000000000000000e+01	11.7	ok
thanos-epyc7232p	gmp-200bit	theta1	104	hardened1	1	0	1	3.59	3.574358	43	2.3000000000000000e+01	11.5	ok
thanos-epyc7232p	gmp-200bit	theta1	104	hardened1	1	0	2	3.55	3.532780	43	2.3000000000000000e+01	11.6	ok
thanos-epyc7232p	gmp-200bit	theta1	104	hardened1	1	0	3	3.57	3.551356	43	2.3000000000000000e+01	11.6	ok
thanos-epyc7232p	gmp-200bit	theta1	104	hardened4	4	0-3	1	2.89	2.874039	43	2.3000000000000000e+01	11.7	ok
thanos-epyc7232p	gmp-200bit	theta1	104	hardened4	4	0-3	2	2.89	2.874675	43	2.3000000000000000e+01	11.7	ok
thanos-epyc7232p	gmp-200bit	theta1	104	hardened4	4	0-3	3	2.92	2.900461	43	2.3000000000000000e+01	11.7	ok
thanos-epyc7232p	gmp-200bit	theta1	104	hardened8	8	0-7	1	2.65	2.629269	43	2.3000000000000000e+01	11.8	ok
thanos-epyc7232p	gmp-200bit	theta1	104	hardened8	8	0-7	2	2.62	2.598783	43	2.3000000000000000e+01	11.6	ok
thanos-epyc7232p	gmp-200bit	theta1	104	hardened8	8	0-7	3	2.73	2.708136	43	2.3000000000000000e+01	11.6	ok
thanos-epyc7232p	gmp-200bit	truss5	208	pristine1	1	0	1	13.81	13.776584	48	-1.3263567797250604e+02	12.7	ok
thanos-epyc7232p	gmp-200bit	truss5	208	pristine1	1	0	2	13.87	13.828588	48	-1.3263567797250604e+02	12.9	ok
thanos-epyc7232p	gmp-200bit	truss5	208	pristine1	1	0	3	13.88	13.840904	48	-1.3263567797250604e+02	12.7	ok
thanos-epyc7232p	gmp-200bit	truss5	208	pristine8	8	0-7	1	14.29	14.256856	48	-1.3263567797250604e+02	13.0	ok
thanos-epyc7232p	gmp-200bit	truss5	208	pristine8	8	0-7	2	14.31	14.271111	48	-1.3263567797250604e+02	13.2	ok
thanos-epyc7232p	gmp-200bit	truss5	208	pristine8	8	0-7	3	14.21	14.173397	48	-1.3263567797250604e+02	13.2	ok
thanos-epyc7232p	gmp-200bit	truss5	208	hardened1	1	0	1	13.64	13.601074	48	-1.3263567797250604e+02	12.7	ok
thanos-epyc7232p	gmp-200bit	truss5	208	hardened1	1	0	2	13.71	13.671151	48	-1.3263567797250604e+02	12.6	ok
thanos-epyc7232p	gmp-200bit	truss5	208	hardened1	1	0	3	13.64	13.607216	48	-1.3263567797250604e+02	12.8	ok
thanos-epyc7232p	gmp-200bit	truss5	208	hardened4	4	0-3	1	11.89	11.857631	48	-1.3263567797250604e+02	12.9	ok
thanos-epyc7232p	gmp-200bit	truss5	208	hardened4	4	0-3	2	11.87	11.830564	48	-1.3263567797250604e+02	12.6	ok
thanos-epyc7232p	gmp-200bit	truss5	208	hardened4	4	0-3	3	11.71	11.670481	48	-1.3263567797250604e+02	12.8	ok
thanos-epyc7232p	gmp-200bit	truss5	208	hardened8	8	0-7	1	11.17	11.129720	48	-1.3263567797250604e+02	13.0	ok
thanos-epyc7232p	gmp-200bit	truss5	208	hardened8	8	0-7	2	11.15	11.115753	48	-1.3263567797250604e+02	13.2	ok
thanos-epyc7232p	gmp-200bit	truss5	208	hardened8	8	0-7	3	11.15	11.115834	48	-1.3263567797250604e+02	13.2	ok
thanos-epyc7232p	gmp-200bit	gpp100	101	pristine1	1	0	1	44.76	44.715266	61	-4.4943550775891146e+01	17.4	ok
thanos-epyc7232p	gmp-200bit	gpp100	101	pristine1	1	0	2	44.79	44.736274	61	-4.4943550775891146e+01	17.6	ok
thanos-epyc7232p	gmp-200bit	gpp100	101	pristine1	1	0	3	44.50	44.445310	61	-4.4943550775891146e+01	17.6	ok
thanos-epyc7232p	gmp-200bit	gpp100	101	pristine8	8	0-7	1	21.23	21.173681	61	-4.4943550775891146e+01	17.5	ok
thanos-epyc7232p	gmp-200bit	gpp100	101	pristine8	8	0-7	2	21.24	21.182736	61	-4.4943550775891146e+01	17.6	ok
thanos-epyc7232p	gmp-200bit	gpp100	101	pristine8	8	0-7	3	21.34	21.286511	61	-4.4943550775891146e+01	17.6	ok
thanos-epyc7232p	gmp-200bit	gpp100	101	hardened1	1	0	1	44.02	43.971977	61	-4.4943550775891146e+01	17.5	ok
thanos-epyc7232p	gmp-200bit	gpp100	101	hardened1	1	0	2	44.41	44.357782	61	-4.4943550775891146e+01	17.6	ok
thanos-epyc7232p	gmp-200bit	gpp100	101	hardened1	1	0	3	44.08	44.033287	61	-4.4943550775891146e+01	17.5	ok
thanos-epyc7232p	gmp-200bit	gpp100	101	hardened4	4	0-3	1	27.80	27.741153	61	-4.4943550775891146e+01	17.5	ok
thanos-epyc7232p	gmp-200bit	gpp100	101	hardened4	4	0-3	2	27.65	27.590539	61	-4.4943550775891146e+01	17.5	ok
thanos-epyc7232p	gmp-200bit	gpp100	101	hardened4	4	0-3	3	27.90	27.843770	61	-4.4943550775891146e+01	17.6	ok
thanos-epyc7232p	gmp-200bit	gpp100	101	hardened8	8	0-7	1	20.87	20.814472	61	-4.4943550775891146e+01	17.6	ok
thanos-epyc7232p	gmp-200bit	gpp100	101	hardened8	8	0-7	2	20.82	20.759968	61	-4.4943550775891146e+01	17.5	ok
thanos-epyc7232p	gmp-200bit	gpp100	101	hardened8	8	0-7	3	21.02	20.960278	61	-4.4943550775891146e+01	17.3	ok
thanos-epyc7232p	gmp-200bit	arch0	174	pristine1	1	0	1	160.20	160.105295	53	5.6651727321592959e-01	35.8	ok
thanos-epyc7232p	gmp-200bit	arch0	174	pristine1	1	0	2	160.22	160.130548	53	5.6651727321592959e-01	35.8	ok
thanos-epyc7232p	gmp-200bit	arch0	174	pristine1	1	0	3	159.39	159.289172	53	5.6651727321592959e-01	36.6	ok
thanos-epyc7232p	gmp-200bit	arch0	174	pristine8	8	0-7	1	116.00	115.909764	53	5.6651727321592959e-01	36.2	ok
thanos-epyc7232p	gmp-200bit	arch0	174	pristine8	8	0-7	2	115.31	115.208849	53	5.6651727321592959e-01	36.1	ok
thanos-epyc7232p	gmp-200bit	arch0	174	pristine8	8	0-7	3	117.03	116.925323	53	5.6651727321592959e-01	36.3	ok
thanos-epyc7232p	gmp-200bit	arch0	174	hardened1	1	0	1	148.79	148.694891	53	5.6651727321592959e-01	36.5	ok
thanos-epyc7232p	gmp-200bit	arch0	174	hardened1	1	0	2	149.99	149.893615	53	5.6651727321592959e-01	36.3	ok
thanos-epyc7232p	gmp-200bit	arch0	174	hardened1	1	0	3	149.19	149.095203	53	5.6651727321592959e-01	36.0	ok
thanos-epyc7232p	gmp-200bit	arch0	174	hardened4	4	0-3	1	82.30	82.201119	53	5.6651727321592959e-01	36.4	ok
thanos-epyc7232p	gmp-200bit	arch0	174	hardened4	4	0-3	2	81.36	81.259281	53	5.6651727321592959e-01	36.5	ok
thanos-epyc7232p	gmp-200bit	arch0	174	hardened4	4	0-3	3	82.58	82.484429	53	5.6651727321592959e-01	36.5	ok
thanos-epyc7232p	gmp-200bit	arch0	174	hardened8	8	0-7	1	59.62	59.518619	53	5.6651727321592959e-01	36.2	ok
thanos-epyc7232p	gmp-200bit	arch0	174	hardened8	8	0-7	2	59.34	59.232718	53	5.6651727321592959e-01	36.2	ok
thanos-epyc7232p	gmp-200bit	arch0	174	hardened8	8	0-7	3	60.14	60.035374	53	5.6651727321592959e-01	36.0	ok
